Name,Age,Season,Placement,DaysIn,VotesAgainst,Immunities,IndImmunities,Challenges,VFB_NIF3,TCA_NIF3,TCTotal,TC_Prop,TC_Pct,TC_Score_Prop,TC_Score,Idols,Merge,Jury,Final_Tribal,RunnerUp,Winner,JuryVotes,Prop_Jury_Vote,Pct_Jury_Vote,Job,JobFixed,AppStatus,Applicant,Recruit,Collar,BlueCollar,WhiteCollar,Strength,Generation,Gender,AgeGroup
Sonja Christopher,63,1,16,3,4,0,0,0,0,1,13,0,0,0,0,0,0,0,0,0,0,.,.,.,Musician,28,1,1,0,2,0,0,2,1,0,6
BB Anderson,64,1,15,6,6,1,0,2,0,1,13,0,0,0,0,0,0,0,0,0,0,.,.,.,RealEstateDeveloper,31,1,1,0,1,0,1,3,1,1,6
Stacey Stillman,28,1,14,9,6,1,0,2,0,2,13,0,0,0,0,0,0,0,0,0,0,.,.,.,Attorney,18,1,1,0,1,0,1,1,3,0,2
Ramona Gray,29,1,13,12,6,2,0,3,1,2,13,0.5,50,0.076923077,7.6923077,0,0,0,0,0,0,.,.,.,Biochemist,34,1,1,0,1,0,1,1,3,0,2
Dirk Been,24,1,12,15,4,2,0,4,2,3,13,0.666666667,66.6666667,0.153846154,15.3846154,0,0,0,0,0,0,.,.,.,DairyFarmer,3,1,1,0,3,1,0,3,3,1,2
Joel Klug,28,1,11,18,4,3,0,6,2,3,13,0.666666667,66.6666667,0.153846154,15.3846154,0,0,0,0,0,0,.,.,.,HealthClubConsultant,2,1,1,0,2,0,0,2,3,1,2
Gretchen Cordy,38,1,10,21,4,3,0,6,3,4,13,0.75,75,0.230769231,23.0769231,0,1,0,0,0,0,.,.,.,Teacher,10,1,1,0,1,0,1,3,2,0,3
Greg Buis,24,1,9,24,6,4,1,8,1,5,13,0.2,20,0.076923077,7.6923077,0,1,1,0,0,0,.,.,.,IveLeagueGrad,41,1,1,0,1,0,1,1,3,1,2
Jenna Lewis,23,1,8,27,11,3,0,6,4,6,13,0.666666667,66.6666667,0.307692308,30.7692308,0,1,1,0,0,0,.,.,.,Student,41,1,1,0,2,0,0,2,3,0,2
Gervase Peterson,30,1,7,30,6,4,1,8,1,7,13,0.142857143,14.2857143,0.076923077,7.6923077,0,1,1,0,0,0,.,.,.,BasketBallCoach,10,1,1,0,3,1,0,2,3,1,3
Colleen Haskell,23,1,6,33,7,3,0,7,3,8,13,0.375,37.5,0.230769231,23.0769231,0,1,1,0,0,0,.,.,.,Student,41,1,1,0,2,0,0,2,3,0,2
Sean Kenniff,30,1,5,36,9,3,0,6,6,9,13,0.666666667,66.6666667,0.461538462,46.1538462,0,1,1,0,0,0,.,.,.,Doctor,40,1,1,0,1,0,1,1,3,1,3
Susan Hawk,38,1,4,37,7,3,0,5,9,10,13,0.9,90,0.692307692,69.2307692,0,1,1,0,0,0,.,.,.,Truck Driver,39,1,1,0,3,1,0,3,2,0,3
Rudy Boesch,72,1,3,38,8,4,1,6,10,10,13,1,100,0.769230769,76.9230769,0,1,1,0,0,0,.,.,.,RetiredNavySEAL,26,0,0,1,3,1,0,3,1,1,7
Kelly Wiglesworth,23,1,2,39,0,7,4,10,9,10,13,0.9,90,0.692307692,69.2307692,0,1,0,1,1,0,3,0.428571429,42.8571429,River Guide,29,1,1,0,2,0,0,2,3,0,2
Richard Hatch,39,1,1,39,6,4,1,6,10,10,13,1,100,0.769230769,76.9230769,0,1,0,1,0,1,4,0.571428571,57.1428571,CorporateTrainer,13,1,1,0,1,0,1,1,2,1,3
Debb Eaton,45,2,16,3,7,0,0,0,0,1,12,0,0,0,0,0,0,0,0,0,0,.,.,.,CorrectionsOfficer,17,1,1,0,3,1,0,3,2,0,4
Kel Gleason,33,2,15,6,7,1,0,2,0,1,12,0,0,0,0,0,0,0,0,0,0,.,.,.,ArmyIntelligenceOffi,26,1,1,0,3,1,0,1,3,1,3
Maralyn Hershey,52,2,14,9,5,1,0,3,1,2,12,0.5,50,0.083333333,8.3333333,0,0,0,0,0,0,.,.,.,RetiredPoliceOfficer,17,1,1,0,3,1,0,3,2,0,5
Mitchell Olson,24,2,13,12,6,1,0,3,2,3,12,0.666666667,66.6666667,0.166666667,16.6666667,0,0,0,0,0,0,.,.,.,Singer,28,1,1,0,2,0,0,2,3,1,2
Kimmi Kappenberg,28,2,12,15,6,3,0,6,1,2,12,0.5,50,0.083333333,8.3333333,0,0,0,0,0,0,.,.,.,Bartender,15,1,1,0,2,0,0,2,3,0,2
Michael Skupin,39,2,11,17,0,3,0,6,2,2,12,1,100,0.166666667,16.6666667,0,0,0,0,0,0,.,.,.,SoftwarePublisher,8,1,1,0,1,0,1,3,2,1,3
Jeff Varner,34,2,10,21,11,3,0,6,2,3,12,0.666666667,66.6666667,0.166666667,16.6666667,0,1,0,0,0,0,.,.,.,InternetProjectsMana,8,1,1,0,1,0,1,2,3,1,3
Alicia Calaway,32,2,9,24,5,3,0,6,2,4,12,0.5,50,0.166666667,16.6666667,0,1,1,0,0,0,.,.,.,PersonalTrainer,12,1,1,0,2,0,0,3,3,0,3
Jerri Manthey,30,2,8,27,12,2,0,6,4,6,12,0.666666667,66.6666667,0.333333333,33.3333333,0,1,1,0,0,0,.,.,.,Actress,19,1,1,0,2,0,0,2,3,0,3
Nick Brown,24,2,7,30,4,4,1,7,3,6,12,0.5,50,0.25,25,0,1,1,0,0,0,.,.,.,HarvardLawStudent,41,1,1,0,1,0,1,1,3,1,2
Amber Brkich,22,2,6,33,6,2,0,4,5,8,12,0.625,62.5,0.416666667,41.6666667,0,1,1,0,0,0,.,.,.,AdminAssist,1,1,1,0,1,0,1,1,3,0,2
Rodger Bingham,53,2,5,36,5,3,0,6,4,8,12,0.5,50,0.333333333,33.3333333,0,1,1,0,0,0,.,.,.,Farmer,3,1,1,0,3,1,0,3,2,1,5
Elisabeth Filarski,23,2,4,39,5,3,0,6,4,9,12,0.444444444,44.4444444,0.333333333,33.3333333,0,1,1,0,0,0,.,.,.,FootwearDesigner,4,1,1,0,2,0,0,2,3,0,2
Keith Famie,41,2,3,31,10,4,2,6,9,10,12,0.9,90,0.75,75,0,1,1,0,0,0,.,.,.,Chef,15,1,1,0,3,1,0,1,2,1,4
Colby Donaldson,27,2,2,42,9,7,5,12,9,10,12,0.9,90,0.75,75,0,1,0,1,1,0,3,0.428571429,42.8571429,AutoCustomizer,27,1,1,0,3,1,0,3,3,1,2
Tina Wesson,40,2,1,42,0,2,0,5,10,10,12,1,100,0.833333333,83.3333333,0,1,0,1,0,1,4,0.571428571,57.1428571,PersonalNurse,25,1,1,0,3,1,0,1,2,0,4
Diane Ogden,42,3,16,3,6,0,0,0,0,1,13,0,0,0,0,0,0,0,0,0,0,.,.,.,USMailCarrier,6,1,1,0,3,1,0,3,2,0,4
Jessie Camacho,27,3,15,6,5,0,0,0,1,2,13,0.5,50,0.076923077,7.6923077,0,0,0,0,0,0,.,.,.,DeputySherrif,17,1,1,0,3,1,0,3,3,0,2
Carl Bilancione,46,3,14,9,7,2,0,3,0,1,13,0,0,0,0,0,0,0,0,0,0,.,.,.,Dentist,12,1,1,0,1,0,1,1,2,1,4
Linda Spencer,45,3,13,12,4,2,0,4,0,2,13,0,0,0,0,0,0,0,0,0,0,.,.,.,CareerCounselor,13,1,1,0,1,0,1,1,2,0,4
Silas Gaither,23,3,12,15,8,2,0,5,2,3,13,0.666666667,66.6666667,0.153846154,15.3846154,0,0,0,0,0,0,.,.,.,Bartender,15,0,0,1,2,0,0,2,3,1,2
Lindsey Richter,27,3,11,18,12,3,0,7,2,3,13,0.666666667,66.6666667,0.153846154,15.3846154,0,0,0,0,0,0,.,.,.,AdvertisingExecutive,2,1,1,0,1,0,1,1,3,0,2
Clarence Black,25,3,10,21,12,3,0,5,3,4,13,0.75,75,0.230769231,23.0769231,0,1,0,0,0,0,.,.,.,BasketballCoach,10,0.5,0,0,3,1,0,1,3,1,2
Kelly Goldsmith,22,3,9,24,5,3,0,5,4,5,13,0.8,80,0.307692308,30.7692308,0,1,1,0,0,0,.,.,.,BehavioralResearchAn,34,1,1,0,1,0,1,1,3,0,2
Brandon Quinton,25,3,8,27,6,3,0,7,4,6,13,0.666666667,66.6666667,0.307692308,30.7692308,0,1,1,0,0,0,.,.,.,Bartender,15,1,1,0,2,0,0,2,3,1,2
Frank Garrison,40,3,7,30,9,3,0,7,3,7,13,0.428571429,42.8571429,0.230769231,23.0769231,0,1,1,0,0,0,.,.,.,TelephoneTechnician,8,1,1,0,3,1,0,3,2,1,4
Kim Powers,30,3,6,33,4,3,0,6,5,8,13,0.625,62.5,0.384615385,38.4615385,0,1,1,0,0,0,.,.,.,FreelanceMarketer,2,1,1,0,1,0,1,2,3,0,3
Teresa Cooper,42,3,5,36,4,4,1,7,3,9,13,0.333333333,33.3333333,0.230769231,23.0769231,0,1,1,0,0,0,.,.,.,FlightAttendant,15,1,1,0,3,1,0,2,2,0,4
Tom Buchanan,46,3,4,37,9,4,1,6,7,10,13,0.7,70,0.538461538,53.8461538,0,1,1,0,0,0,.,.,.,GoatFarmer,3,1,1,0,3,1,0,3,2,1,4
Lex van den Berghe,38,3,3,38,10,6,3,6,9,10,13,0.9,90,0.692307692,69.2307692,0,1,1,0,0,0,.,.,.,MarketingManager,2,1,1,0,1,0,1,1,2,1,3
Kim Johnson,57,3,2,39,1,5,2,7,10,10,13,1,100,0.769230769,76.9230769,0,1,0,1,1,0,2,0.285714286,28.5714286,RetiredTeacher,10,1,1,0,1,0,1,1,1,0,5
Ethan Zohn,27,3,1,39,0,4,1,7,10,10,13,1,100,0.769230769,76.9230769,0,1,0,1,0,1,5,0.714285714,71.4285714,ProSoccerPlayer,36,1,1,0,2,0,0,2,3,1,2
Peter Harkey,46,4,16,3,5,0,0,0,0,1,13,0,0,0,0,0,0,0,0,0,0,.,.,.,BowlingAlleyOwner,22,1,1,0,3,1,0,2,2,1,4
Patricia Jackson,49,4,15,6,5,0,0,0,1,2,13,0.5,50,0.076923077,7.6923077,0,0,0,0,0,0,.,.,.,TruckAssembler,27,1,1,0,3,1,0,3,2,0,4
Hunter Ellis,33,4,14,9,4,0,0,0,1,3,13,0.333333333,33.3333333,0.076923077,7.6923077,0,0,0,0,0,0,.,.,.,FormerNavyFighterPil,26,1,1,0,3,1,0,3,3,1,3
Sarah Jones,24,4,13,12,11,0,0,0,3,4,13,0.75,75,0.230769231,23.0769231,0,0,0,0,0,0,.,.,.,AccountManager,5,1,1,0,1,0,1,2,3,0,2
Gabriel Cade,23,4,12,15,7,4,0,6,0,1,13,0,0,0,0,0,0,0,0,0,0,.,.,.,Bartender,15,1,1,0,2,0,0,2,3,1,2
Gina Crews,29,4,11,18,3,1,0,3,2,5,13,0.4,40,0.153846154,15.3846154,0,0,0,0,0,0,.,.,.,NatureGuide,10,1,1,0,2,0,0,2,3,0,2
Rob Mariano,26,4,10,21,8,2,0,2,4,5,13,0.8,80,0.307692308,30.7692308,0,1,0,0,0,0,.,.,.,ConstructionWorker,7,1,1,0,3,1,0,3,3,1,2
John Carroll,36,4,9,24,8,5,0,7,2,3,13,0.666666667,66.6666667,0.153846154,15.3846154,0,1,1,0,0,0,.,.,.,RegisteredNurse,25,1,1,0,3,1,0,1,3,1,3
Zoe Zanidakis,35,4,8,27,8,5,0,7,3,4,13,0.75,75,0.230769231,23.0769231,0,1,1,0,0,0,.,.,.,FishingBoatCaptain,23,1,1,0,3,1,0,2,3,0,3
Tammy Leitner,29,4,7,30,5,7,2,9,3,5,13,0.6,60,0.230769231,23.0769231,0,1,1,0,0,0,.,.,.,CrimeReporter,20,1,1,0,1,0,1,1,3,0,2
Robert DeCanio,38,4,6,33,6,6,1,8,3,6,13,0.5,50,0.230769231,23.0769231,0,1,1,0,0,0,.,.,.,LimousineDriver,39,1,1,0,3,1,0,3,2,1,3
Sean Rector,30,4,5,36,7,2,0,4,7,10,13,0.7,70,0.538461538,53.8461538,0,1,1,0,0,0,.,.,.,Teacher,10,1,1,0,1,0,1,2,3,1,3
Paschal English,57,4,4,37,0,4,0,10,8,9,13,0.888888889,88.8888889,0.615384615,61.5384615,0,1,1,0,0,0,.,.,.,Judge,6,1,1,0,1,0,1,1,1,1,5
Kathy Vavrick OBrien,47,4,3,38,5,6,2,12,7,9,13,0.777777778,77.7777778,0.538461538,53.8461538,0,1,1,0,0,0,.,.,.,RealEstateAgent,31,1,1,0,1,0,1,1,2,0,4
Neleh Dennis,22,4,2,39,4,5,1,9,8,9,13,0.888888889,88.8888889,0.615384615,61.5384615,0,1,0,1,1,0,3,0.428571429,42.8571429,Student,41,1,1,0,2,0,0,2,3,0,2
Vecepia Towery,36,4,1,39,2,4,2,4,8,11,13,0.727272727,72.7272727,0.615384615,61.5384615,0,1,0,1,0,1,4,0.571428571,57.1428571,OfficeManager,21,1,1,0,1,0,1,1,3,0,3
John Raymond,40,5,16,3,6,0,0,0,0,1,13,0,0,0,0,0,0,0,0,0,0,.,.,.,Pastor,32,1,1,0,2,0,0,1,2,1,4
Tanya Vance,27,5,15,6,5,0,0,0,1,2,13,0.5,50,0.076923077,7.6923077,0,0,0,0,0,0,.,.,.,SocialWork,35,1,1,0,1,0,1,1,3,0,2
Jed Hildebrand,25,5,14,9,5,2,0,3,0,1,13,0,0,0,0,0,0,0,0,0,0,.,.,.,DentalStudent,12,1,1,0,1,0,1,1,3,1,2
Ghandia Johnson,33,5,13,12,5,1,0,2,1,3,13,0.333333333,33.3333333,0.076923077,7.6923077,0,0,0,0,0,0,.,.,.,LegalSecretary,1,1,1,0,3,1,0,1,3,0,3
Stephanie Dill,29,5,12,15,5,3,0,5,0,2,13,0,0,0,0,0,0,0,0,0,0,.,.,.,Firefighter,6,1,1,0,3,1,0,3,3,0,2
Robb Zbacnik,23,5,11,18,5,3,0,6,0,3,13,0,0,0,0,0,0,0,0,0,0,.,.,.,Bartender,15,1,1,0,2,0,0,3,3,1,2
ShiiAnn Huang,28,5,10,21,10,3,0,6,3,4,13,0.75,75,0.230769231,23.0769231,0,0,0,0,0,0,.,.,.,ExecutiveRecruiter,13,1,1,0,1,0,1,1,3,0,2
Erin Collins,26,5,9,24,3,3,0,6,4,5,13,0.8,80,0.307692308,30.7692308,0,0,1,0,0,0,.,.,.,RealEstateAgent,31,1,1,0,1,0,1,2,3,0,2
Ken Stafford,29,5,8,27,6,3,0,6,5,6,13,0.833333333,83.3333333,0.384615385,38.4615385,0,1,1,0,0,0,.,.,.,NYCPoliceOfficer,17,0,0,1,3,1,0,2,3,1,2
Penny Ramsey,27,5,7,30,5,3,0,6,5,7,13,0.714285714,71.4285714,0.384615385,38.4615385,0,1,1,0,0,0,.,.,.,PharmaceuticalSales,33,1,1,0,1,0,1,2,3,0,2
Jake Billingsley,60,5,6,33,7,3,0,6,5,8,13,0.625,62.5,0.384615385,38.4615385,0,1,1,0,0,0,.,.,.,LandBroker,31,1,1,0,1,0,1,3,1,1,6
Ted Rogers Jr,37,5,5,36,7,6,1,8,6,7,13,0.857142857,85.7142857,0.461538462,46.1538462,0,1,1,0,0,0,.,.,.,SoftwareDevelopmentM,8,1,1,0,1,0,1,3,2,1,3
Helen Glover,47,5,4,37,5,6,1,8,6,8,13,0.75,75,0.461538462,46.1538462,0,1,1,0,0,0,.,.,.,NavySwimInstructor,26,1,1,0,3,1,0,3,2,0,4
Jan Gentry,53,5,3,38,5,5,0,6,7,8,13,0.875,87.5,0.538461538,53.8461538,0,1,1,0,0,0,.,.,.,Teacher,10,1,1,0,1,0,1,2,2,0,5
Clay Jordan,46,5,2,39,4,6,1,7,7,8,13,0.875,87.5,0.538461538,53.8461538,0,1,0,1,1,0,3,0.428571429,42.8571429,RestaurantOwner,21,1,1,0,1,0,1,1,2,1,4
Brian Heidik,34,5,1,39,0,8,3,3,8,8,13,1,100,0.615384615,61.5384615,0,1,0,1,0,1,4,0.571428571,57.1428571,UsedCarSalesman,33,0,0,1,2,0,0,3,3,1,3
Ryan Aiken,23,6,16,3,4,0,0,0,0,1,13,0,0,0,0,0,0,0,0,0,0,.,.,.,Model,19,1,1,0,2,0,0,2,3,1,2
Janet Koth,47,6,15,6,5,1,0,2,0,1,13,0,0,0,0,0,0,0,0,0,0,.,.,.,HomeMaker,14,1,1,0,2,0,0,2,2,0,4
Daniel Lue,26,6,14,9,7,1,0,1,0,2,13,0,0,0,0,0,0,0,0,0,0,.,.,.,TaxAccountant,5,1,1,0,1,0,1,3,3,1,2
Joanna Ward,31,6,13,12,4,2,0,4,0,2,13,0,0,0,0,0,0,0,0,0,0,.,.,.,GuidanceCounselor,35,0,0,1,1,0,1,1,3,0,3
Jeanne Hebert,40,6,12,15,5,2,0,4,1,3,13,0.333333333,33.3333333,0.076923077,7.6923077,0,0,0,0,0,0,.,.,.,MarketingDirector,2,1,1,0,1,0,1,1,2,0,4
Shawna Mitchell,23,6,11,18,6,3,0,5,1,3,13,0.333333333,33.3333333,0.076923077,7.6923077,0,0,0,0,0,0,.,.,.,RetailSaleswoman,33,1,1,0,2,0,0,2,3,0,2
Roger Sexton,56,6,10,21,11,3,0,5,3,4,13,0.75,75,0.230769231,23.0769231,0,1,0,0,0,0,.,.,.,ConstructionCompanyV,7,1,1,0,3,1,0,3,2,1,5
Dave Johnson,23,6,9,24,8,3,0,6,2,5,13,0.4,40,0.153846154,15.3846154,0,1,1,0,0,0,.,.,.,RocketScientist,34,1,1,0,1,0,1,1,3,1,2
Deena Bennett,35,6,8,27,6,4,1,6,5,6,13,0.833333333,83.3333333,0.384615385,38.4615385,0,1,1,0,0,0,.,.,.,DeputyDistrictAttorn,18,1,1,0,1,0,1,1,3,0,3
Alex Bell,32,6,7,30,6,3,0,5,5,7,13,0.714285714,71.4285714,0.384615385,38.4615385,0,1,1,0,0,0,.,.,.,TriathalonCoach,10,1,1,0,2,0,0,3,3,1,3
Christy Smith,24,6,6,33,9,3,0,6,4,8,13,0.5,50,0.307692308,30.7692308,0,1,1,0,0,0,.,.,.,Children'sAdventureG,10,1,1,0,2,0,0,2,3,0,2
Heidi Strobel,24,6,5,36,3,4,1,6,7,9,13,0.777777778,77.7777778,0.538461538,53.8461538,0,1,1,0,0,0,.,.,.,GymTeacher,10,0.5,0,0,1,0,1,2,3,0,2
Butch Lockley,50,6,4,37,5,3,0,5,7,10,13,0.7,70,0.538461538,53.8461538,0,1,1,0,0,0,.,.,.,Principal,10,1,1,0,1,0,1,1,2,1,5
Rob Cesternino,24,6,3,38,4,3,1,5,10,10,13,1,100,0.769230769,76.9230769,0,1,1,0,0,0,.,.,.,ComputerProjectsCoor,8,0.5,0,0,1,0,1,1,3,1,2
Matthew von Ertfelda,33,6,2,39,6,5,2,8,9,10,13,0.9,90,0.692307692,69.2307692,0,1,0,1,1,0,1,0.142857143,14.2857143,RestaurantDesigner,37,1,1,0,1,0,1,1,3,1,3
Jenna Morasca,21,6,1,39,3,6,3,9,8,10,13,0.8,80,0.615384615,61.5384615,0,1,0,1,0,1,6,0.857142857,85.7142857,SwimsuitModel,19,1,1,0,2,0,0,2,4,0,2
Nicole Delma,24,7,16,3,7,0,0,1,0,1,14,0,0,0,0,0,0,0,0,0,0,.,.,.,MassageTherapist,37,0,0,1,2,0,0,2,3,0,2
Ryan Shoulders,23,7,15,6,6,0,0,1,1,2,14,0.5,50,0.071428571,7.1428571,0,0,0,0,0,0,.,.,.,ProduceClerk,33,1,1,0,3,1,0,1,3,1,2
Michelle Tesauro,22,7,14,15,6,3,0,7,0,2,14,0,0,0,0,0,0,0,0,0,0,.,.,.,Student,41,1,1,0,2,0,0,1,4,0,2
Trish Dunn,42,7,13,18,4,3,0,8,2,3,14,0.666666667,66.6666667,0.142857143,14.2857143,0,0,0,0,0,0,.,.,.,SalesExecutive,33,1,1,0,1,0,1,1,2,0,4
Shawn Cohen,28,7,12,19,5,3,0,7,3,4,14,0.75,75,0.214285714,21.4285714,0,0,0,0,0,0,.,.,.,AdvertisingSales,33,1,1,0,1,0,1,3,3,1,2
Osten Taylor,27,7,11,19,2,3,0,4,3,3,14,1,100,0.214285714,21.4285714,0,0,0,0,0,0,.,.,.,EquityTradeManager,33,1,1,0,1,0,1,3,3,1,2
Andrew Savage,29,7,10,21,6,3,0,4,3,4,14,0.75,75,0.214285714,21.4285714,0,1,0,0,0,0,.,.,.,Attorney,18,1,1,0,1,0,1,1,3,1,2
Ryan Opray,30,7,9,24,8,3,0,4,3,5,14,0.6,60,0.214285714,21.4285714,0,1,1,0,0,0,.,.,.,Electrician,37,1,1,0,3,1,0,3,3,1,3
Rupert Boneham,39,7,8,27,7,5,2,9,5,6,14,0.833333333,83.3333333,0.357142857,35.7142857,0,1,1,0,0,0,.,.,.,TroubledTeensMentor,35,1,1,0,2,0,0,3,3,1,3
Tijuana Bradley,26,7,7,30,5,3,0,4,5,7,14,0.714285714,71.4285714,0.357142857,35.7142857,0,1,1,0,0,0,.,.,.,PharmaceuticalSales,33,1,1,0,1,0,1,2,3,0,2
Christa Hastie,24,7,6,33,7,3,0,7,7,9,14,0.777777778,77.7777778,0.5,50,0,1,1,0,0,0,.,.,.,ComputerProgrammer,8,1,1,0,1,0,1,1,3,0,2
Burton Roberts,31,7,5,36,10,5,2,11,5,7,14,0.714285714,71.4285714,0.357142857,35.7142857,0,1,1,0,0,0,.,.,.,MarketingExecutive,2,0,0,1,1,0,1,2,3,1,3
Darrah Johnson,22,7,4,37,6,6,3,8,7,10,14,0.7,70,0.5,50,0,1,1,0,0,0,.,.,.,Mortician,37,1,1,0,3,1,0,2,4,0,2
Jon Dalton,29,7,3,38,7,3,0,9,9,11,14,0.818181818,81.8181818,0.642857143,64.2857143,0,1,1,0,0,0,.,.,.,ArtConsultant,4,0,0,1,2,0,0,1,3,1,2
Lillian Morris,51,7,2,39,10,2,2,4,8,10,14,0.8,80,0.571428571,57.1428571,0,1,0,1,1,0,1,0.142857143,14.2857143,ScoutTroopLeader,14,1,1,0,2,0,0,2,2,0,5
Sandra Diaz Twine,28,7,1,39,0,3,0,7,9,11,14,0.818181818,81.8181818,0.642857143,64.2857143,0,1,0,1,0,1,6,0.857142857,85.7142857,OfficeAssistant,1,1,1,0,1,0,1,3,3,0,2
2Tina Wesson,42,8,18,3,4,0,0,0,0,1,13,0,0,0,0,0,0,0,0,0,0,.,.,.,MotivationalSpeaker,19,0,0,1,2,0,0,1,2,0,4
2Rudy Boesch,75,8,17,6,3,0,0,1,1,2,13,0.5,50,0.076923077,7.6923077,0,0,0,0,0,0,.,.,.,RetiredNavySEAL,26,0,0,1,3,1,0,3,1,1,7
2Jenna Morasca,22,8,16,9,0,2,0,3,.,0,13,.,.,.,.,0,0,0,0,0,0,.,.,.,SwimsuitModel,19,0,0,1,2,0,0,2,4,0,2
2Rob Cesternino,25,8,15,12,5,2,0,4,0,1,13,0,0,0,0,0,0,0,0,0,0,.,.,.,ComputerProjectsCoor,8,0,0,1,1,0,1,1,3,1,2
2Richard Hatch,42,8,14,15,6,3,0,5,0,1,13,0,0,0,0,0,0,0,0,0,0,.,.,.,CorporateTrainer,13,0,0,1,1,0,1,1,2,1,4
2Susan Hawk,42,8,13,17,0,3,0,6,1,1,13,1,100,0.076923077,7.6923077,0,0,0,0,0,0,.,.,.,Truck Driver,39,0,0,1,3,1,0,3,2,0,4
2Colby Donaldson,29,8,12,19,4,3,0,6,1,2,13,0.5,50,0.076923077,7.6923077,0,0,0,0,0,0,.,.,.,AutoCustomizer,27,0,0,1,3,1,0,3,3,1,2
2Ethan Zohn,29,8,11,21,6,1,0,4,2,5,13,0.4,40,0.153846154,15.3846154,0,0,0,0,0,0,.,.,.,ProSoccerPlayer,36,0,0,1,2,0,0,2,3,1,2
2Jerri Manthey,33,8,10,24,7,1,0,4,5,6,13,0.833333333,83.3333333,0.384615385,38.4615385,0,0,0,0,0,0,.,.,.,Actress,19,0,0,1,2,0,0,2,3,0,3
2Lex van den Berghe,40,8,9,27,7,3,0,6,4,5,13,0.8,80,0.307692308,30.7692308,0,1,1,0,0,0,.,.,.,MarketingManager,2,0,0,1,1,0,1,1,2,1,4
2Kathy Vavrick OBrien,48,8,8,28,6,4,1,7,3,5,13,0.6,60,0.230769231,23.0769231,0,1,1,0,0,0,.,.,.,RealEstateAgent,31,0,0,1,1,0,1,1,2,0,4
2Alicia Calaway,35,8,7,30,7,6,0,11,3,4,13,0.75,75,0.230769231,23.0769231,0,1,1,0,0,0,.,.,.,PersonalTrainer,12,0,0,1,2,0,0,3,3,0,3
2ShiiAnn Huang,29,8,6,33,5,4,1,8,6,8,13,0.75,75,0.461538462,46.1538462,0,1,1,0,0,0,.,.,.,ExecutiveRecruiter,13,0,0,1,1,0,1,1,3,0,2
2Tom Buchanan,48,8,5,36,4,6,1,12,5,6,13,0.833333333,83.3333333,0.384615385,38.4615385,0,1,1,0,0,0,.,.,.,GoatFarmer,3,0,0,1,3,1,0,3,2,1,4
2Rupert Boneham,39,8,4,37,4,5,0,10,6,8,13,0.75,75,0.461538462,46.1538462,0,1,1,0,0,0,.,.,.,TroubledTeensMentor,35,0,0,1,2,0,0,3,3,1,3
2Jenna Lewis,26,8,3,38,4,5,0,8,8,8,13,1,100,0.615384615,61.5384615,0,1,1,0,0,0,.,.,.,Student,41,0,0,1,2,0,0,2,3,0,2
2Rob Mariano,27,8,2,39,1,10,4,15,7,7,13,1,100,0.538461538,53.8461538,0,1,0,1,1,0,3,0.428571429,42.8571429,ConstructionWorker,7,0,0,1,3,1,0,3,3,1,2
2Amber Brkich,25,8,1,39,6,6,1,11,8,8,13,1,100,0.615384615,61.5384615,0,1,0,1,0,1,4,0.571428571,57.1428571,AdminAssist,1,0,0,1,1,0,1,1,3,0,2
Brook Geraghty,27,9,18,3,5,0,0,0,0,1,15,0,0,0,0,0,0,0,0,0,0,.,.,.,Document Manager,1,1,1,0,1,0,1,1,3,1,2
Dolly Neely,25,9,17,6,5,1,0,2,0,1,15,0,0,0,0,0,0,0,0,0,0,.,.,.,SheepFarmer,3,1,1,0,3,1,0,2,3,0,2
John Palyok,31,9,16,7,5,1,0,2,0,2,15,0,0,0,0,0,0,0,0,0,0,.,.,.,SalesManager,21,0,0,1,1,0,1,2,3,1,3
Mia Galeotalanza,29,9,15,7,5,1,0,2,0,2,15,0,0,0,0,0,0,0,0,0,0,.,.,.,Bookkeeper,5,1,1,0,1,0,1,3,3,0,2
Brady Finta,33,9,14,10,6,1,0,2,0,3,15,0,0,0,0,0,0,0,0,0,0,.,.,.,FBIAgent,26,1,1,0,3,1,0,2,3,1,3
Travis Sampson,33,9,13,12,6,1,0,2,3,4,15,0.75,75,0.2,20,0,0,0,0,0,0,.,.,.,SecurityOfficer,17,1,1,0,3,1,0,3,3,1,3
Lisa Keiffer,44,9,12,15,4,2,0,4,2,4,15,0.5,50,0.133333333,13.3333333,0,0,0,0,0,0,.,.,.,RealEstateAgent,31,1,1,0,1,0,1,3,2,0,4
John Kenney,22,9,11,18,5,4,1,7,1,4,15,0.25,25,0.066666667,6.6666667,0,0,0,0,0,0,.,.,.,MechanicalBullOperat,15,0.5,0,0,2,0,0,2,4,1,2
Rory Freeman,35,9,10,21,14,2,0,4,5,6,15,0.833333333,83.3333333,0.333333333,33.3333333,0,1,0,0,0,0,.,.,.,HousingCaseManager,35,1,1,0,1,0,1,1,3,1,3
Lea Masters,40,9,9,24,7,4,1,8,4,6,15,0.666666667,66.6666667,0.266666667,26.6666667,0,1,1,0,0,0,.,.,.,DrillSeargent,26,1,1,0,3,1,0,3,2,1,4
Chad Crittenden,34,9,8,27,7,3,0,8,4,7,15,0.571428571,57.1428571,0.266666667,26.6666667,0,1,1,0,0,0,.,.,.,Teacher,10,1,1,0,1,0,1,1,3,1,3
Leann Slaby,35,9,7,30,8,3,0,7,7,8,15,0.875,87.5,0.466666667,46.6666667,0,1,1,0,0,0,.,.,.,EquityResearchAssist,5,1,1,0,1,0,1,2,3,1,3
Ami Cusack,31,9,6,33,8,6,3,10,7,9,15,0.777777778,77.7777778,0.466666667,46.6666667,0,1,1,0,0,0,.,.,.,CoffeeBarista,15,0.5,0,0,2,0,0,2,3,0,3
Julie Berry,23,9,5,36,4,4,0,10,4,9,15,0.444444444,44.4444444,0.266666667,26.6666667,0,1,1,0,0,0,.,.,.,YouthMentor,35,1,1,0,2,0,0,1,3,0,2
Eliza Orlins,21,9,4,37,9,4,1,10,9,11,15,0.818181818,81.8181818,0.6,60,0,1,1,0,0,0,.,.,.,PreLawStudent,41,1,1,0,1,0,1,1,4,0,2
Scout Cloud Lee,59,9,3,38,3,3,0,6,10,11,15,0.909090909,90.9090909,0.666666667,66.6666667,0,1,1,0,0,0,.,.,.,Rancher,3,1,1,0,2,0,0,1,1,0,5
Twila Tanner,41,9,2,39,6,5,1,10,10,10,15,1,100,0.666666667,66.6666667,0,1,0,1,1,0,2,0.285714286,28.5714286,HighwayRepairWorker,7,1,1,0,3,1,0,3,2,0,4
Chris Daugherty,33,9,1,39,3,6,3,12,9,11,15,0.818181818,81.8181818,0.6,60,0,1,0,1,0,1,5,0.714285714,71.4285714,HighwayConstructionW,7,1,1,0,3,1,0,3,3,1,3
Jonathan Libby,23,10,20,2,0,0,0,0,.,0,13,.,.,.,.,0,0,0,0,0,0,.,.,.,Sales&MarketingAssoc,33,0,0,1,1,0,1,3,4,1,2
Wanda Shirk,55,10,19,2,0,0,0,0,.,0,13,.,.,.,.,0,0,0,0,0,0,.,.,.,EnglishTeacher,10,1,1,0,1,0,1,1,2,0,5
Jolanda Jones,39,10,18,3,6,1,1,1,0,1,13,0,0,0,0,0,0,0,0,0,0,.,.,.,Lawyer,18,1,1,0,1,0,1,1,3,0,3
Ashlee Ashby,22,10,17,6,6,0,0,1,1,2,13,0.5,50,0.076923077,7.6923077,0,0,0,0,0,0,.,.,.,Student,41,0,0,1,1,0,1,2,4,0,2
Jeff Wilson,21,10,16,8,5,0,0,2,2,3,13,0.666666667,66.6666667,0.153846154,15.3846154,0,0,0,0,0,0,.,.,.,PersonalTrainer,12,0.5,0,0,3,1,0,3,4,1,2
Kim Mullen,25,10,15,11,8,0,0,2,3,4,13,0.75,75,0.230769231,23.0769231,0,0,0,0,0,0,.,.,.,GraduateStudent,41,1,1,0,1,0,1,1,3,0,2
Willard Smith,56,10,14,12,8,4,0,6,0,1,13,0,0,0,0,0,0,0,0,0,0,.,.,.,Lawyer,18,1,1,0,1,0,1,1,2,1,5
Angie Jakusz,24,10,13,12,8,0,0,2,4,5,13,0.8,80,0.307692308,30.7692308,0,0,0,0,0,0,.,.,.,Bartender,15,1,1,0,2,0,0,3,3,0,2
James Miller,33,10,12,15,7,0,0,3,4,6,13,0.666666667,66.6666667,0.307692308,30.7692308,0,0,0,0,0,0,.,.,.,Steelworker,7,1,1,0,3,1,0,3,3,1,3
Ibrehem Rahman,27,10,11,18,4,1,0,3,3,7,13,0.428571429,42.8571429,0.230769231,23.0769231,0,0,0,0,0,0,.,.,.,Waiter,15,0,0,1,2,0,0,2,3,1,2
Bobby Jon Drinkard,27,10,10,21,2,0,0,8,5,7,13,0.714285714,71.4285714,0.384615385,38.4615385,0,0,0,0,0,0,.,.,.,Waiter,15,0,0,1,2,0,0,2,3,1,2
Coby Archa,32,10,9,24,7,7,0,11,1,2,13,0.5,50,0.076923077,7.6923077,0,1,1,0,0,0,.,.,.,Hairstylist,37,1,1,0,2,0,0,2,3,1,3
Janu Tornell,39,10,8,27,1,7,0,12,1,2,13,0.5,50,0.076923077,7.6923077,0,1,1,0,0,0,.,.,.,VegasShowgirl,19,1,1,0,2,0,0,2,3,0,3
Stephenie LaGrossa,24,10,7,30,8,0,0,3,6,9,13,0.666666667,66.6666667,0.461538462,46.1538462,0,1,1,0,0,0,.,.,.,PharmaceuticalSalesR,33,1,1,0,1,0,1,3,3,0,2
Gregg Carey,27,10,6,33,4,7,0,13,3,4,13,0.75,75,0.230769231,23.0769231,0,1,1,0,0,0,.,.,.,BusinessConsultant,5,0,0,1,1,0,1,2,3,1,2
Caryn Groedel,46,10,5,36,7,7,0,12,4,5,13,0.8,80,0.307692308,30.7692308,0,1,1,0,0,0,.,.,.,Lawyer,18,1,1,0,1,0,1,1,2,0,4
Jenn Lyon,32,10,4,37,3,7,0,11,4,6,13,0.666666667,66.6666667,0.307692308,30.7692308,0,1,1,0,0,0,.,.,.,Nanny,14,0.5,0,0,1,0,1,2,3,0,3
Ian Rosenberger,23,10,3,38,5,10,3,15,6,6,13,1,100,0.461538462,46.1538462,0,1,1,0,0,0,.,.,.,DolphinTrainer,3,0.5,0,0,2,0,0,1,4,1,2
Katie Gallagher,29,10,2,39,1,7,0,11,6,6,13,1,100,0.461538462,46.1538462,0,1,0,1,1,0,1,0.142857143,14.2857143,AdvertisingExecutivw,2,1,1,0,1,0,1,1,3,0,2
Tom Westman,40,10,1,39,0,11,4,17,5,6,13,0.833333333,83.3333333,0.384615385,38.4615385,0,1,0,1,0,1,6,0.857142857,85.7142857,NYCFirefighter,6,1,1,0,3,1,0,3,2,1,4
Jim Lynch,63,11,18,3,8,0,0,1,0,1,15,0,0,0,0,0,0,0,0,0,0,.,.,.,RetiredFireCaptain,6,1,1,0,3,1,0,3,1,1,6
Morgan McDevitt,21,11,17,6,8,1,0,1,0,1,15,0,0,0,0,0,0,0,0,0,0,.,.,.,Magician'sAssistant,19,0,0,1,2,0,0,2,4,0,2
Brianna Varela,21,11,16,8,7,1,0,1,1,2,15,0.5,50,0.066666667,6.6666667,0,0,0,0,0,0,.,.,.,RetailSalesperson,33,0,0,1,1,0,1,2,4,0,2
Brooke Struck,25,11,15,11,5,2,0,5,1,2,15,0.5,50,0.066666667,6.6666667,0,0,0,0,0,0,.,.,.,LawStudent,41,0,0,1,1,0,1,1,3,0,2
Blake Towsley,24,11,14,14,5,3,0,7,1,2,15,0.5,50,0.066666667,6.6666667,0,0,0,0,0,0,.,.,.,RealEstateBroker,31,0,0,1,1,0,1,2,4,1,2
Margaret Bobonich,43,11,13,15,7,3,0,7,1,3,15,0.333333333,33.3333333,0.066666667,6.6666667,0,0,0,0,0,0,.,.,.,NursePractitioner,25,1,1,0,1,0,1,1,2,0,4
Brian Corridan,22,11,12,15,7,2,0,3,3,4,15,0.75,75,0.2,20,0,0,0,0,0,0,.,.,.,IvyLeagueStudent,41,1,1,0,1,0,1,1,4,1,2
Amy OHara,39,11,11,18,4,2,0,4,4,5,15,0.8,80,0.266666667,26.6666667,0,0,0,0,0,0,.,.,.,PoliceSeargant,17,0.5,0,0,3,1,0,3,3,0,3
Brandon Bellinger,22,11,10,21,6,3,0,8,3,5,15,0.6,60,0.2,20,0,1,0,0,0,0,.,.,.,Farmer,3,1,1,0,3,1,0,3,4,1,2
2Bobby Jon Drinkard,28,11,9,24,8,3,0,8,4,6,15,0.666666667,66.6666667,0.266666667,26.6666667,0,1,1,0,0,0,.,.,.,Waiter,15,0,0,1,2,0,0,2,3,1,2
Jamie Newton,24,11,8,27,10,3,0,5,6,7,15,0.857142857,85.7142857,0.4,40,0,1,1,0,0,0,.,.,.,WaterSkiingInstructo,10,0,0,1,2,0,0,3,4,1,2
Gary Hogeboom,46,11,7,30,8,4,1,6,6,9,15,0.666666667,66.6666667,0.4,40,1,1,1,0,0,0,.,.,.,ExNFLQuarterBack,36,0.5,0,0,1,0,1,3,2,1,4
Judd Sergeant,34,11,6,33,5,4,0,10,6,8,15,0.75,75,0.4,40,0,1,1,0,0,0,.,.,.,HotelDoorman,15,1,1,0,2,0,0,3,3,1,3
Cindy Hall,31,11,5,36,6,4,0,10,6,9,15,0.666666667,66.6666667,0.4,40,0,1,1,0,0,0,.,.,.,Zookeeper,3,1,1,0,2,0,0,2,3,0,3
Lydia Morales,42,11,4,37,10,3,0,4,10,11,15,0.909090909,90.9090909,0.666666667,66.6666667,0,1,1,0,0,0,.,.,.,Fishmonger,23,1,1,0,2,0,0,1,2,0,4
Rafe Judkins,22,11,3,38,2,6,3,8,11,11,15,1,100,0.733333333,73.3333333,0,1,1,0,0,0,.,.,.,WildernessGuide,29,1,1,0,2,0,0,1,4,1,2
2Stephenie LaGrossa,25,11,2,39,2,4,1,6,11,11,15,1,100,0.733333333,73.3333333,0,1,0,1,1,0,1,0.142857143,14.2857143,PharmaceuticalSalesR,33,0,0,1,1,0,1,3,3,0,2
Danni Boatwright,30,11,1,39,1,5,2,11,9,11,15,0.818181818,81.8181818,0.6,60,0,1,0,1,0,1,6,0.857142857,85.7142857,SportsRadioHost,19,1,1,0,1,0,1,2,3,0,3
Tina Scheer,44,12,16,3,3,0,0,1,0,1,12,0,0,0,0,0,0,0,0,0,0,.,.,.,Lumberjill,19,1,1,0,3,1,0,3,2,0,4
Melinda Hyder,32,12,15,6,5,0,0,1,1,2,12,0.5,50,0.083333333,8.3333333,0,0,0,0,0,0,.,.,.,Singer,28,1,1,0,2,0,0,2,3,0,3
Misty Giles,24,12,14,8,5,2,0,4,0,1,12,0,0,0,0,0,0,0,0,0,0,.,.,.,MissileEngineer,11,1,1,0,1,0,1,1,4,0,2
Ruth-Marie Milliman,28,12,13,11,6,1,0,4,2,3,12,0.666666667,66.6666667,0.166666667,16.6666667,0,0,0,0,0,0,.,.,.,RealEstate,31,1,1,0,1,0,1,1,2,0,2
Bobby Mason,32,12,12,14,3,3,0,6,1,2,12,0.5,50,0.083333333,8.3333333,0,0,0,0,0,0,.,.,.,Attorney,18,0,0,1,1,0,1,3,3,1,3
Dan Berry,51,12,11,15,3,3,0,6,1,3,12,0.333333333,33.3333333,0.083333333,8.3333333,0,0,0,0,0,0,.,.,.,Astronaut,26,1,1,0,1,0,1,1,2,1,5
Nick Stanbury,25,12,10,18,6,3,0,6,3,4,12,0.75,75,0.25,25,0,1,0,0,0,0,.,.,.,FinancialSales,31,0,0,1,1,0,1,2,3,1,2
Austin Carty,24,12,9,21,7,3,0,6,3,5,12,0.6,60,0.25,25,0,1,1,0,0,0,.,.,.,Writer,20,0.5,0,0,2,0,0,2,4,1,2
Sally Schumann,27,12,8,24,8,3,0,7,1,5,12,0.2,20,0.083333333,8.3333333,0,1,1,0,0,0,.,.,.,SocialWorker,35,1,1,0,1,0,1,2,3,0,2
Bruce Kanegai,57,12,7,25,2,4,0,9,3,4,12,0.75,75,0.25,25,0,1,1,0,0,0,.,.,.,ArtTeacher,10,1,1,0,1,0,1,3,2,1,5
Courtney Marit,31,12,6,30,4,4,0,8,5,6,12,0.833333333,83.3333333,0.416666667,41.6666667,0,1,1,0,0,0,.,.,.,FireDancer,19,0,0,1,2,0,0,3,3,0,3
Shane Powers,35,12,5,33,9,4,0,7,4,7,12,0.571428571,57.1428571,0.333333333,33.3333333,0,1,1,0,0,0,.,.,.,MarketingExecutive,2,1,1,0,1,0,1,1,3,1,3
Cirie Fields,46,12,4,36,3,3,0,7,7,9,12,0.777777778,77.7777778,0.583333333,58.3333333,0,1,1,0,0,0,.,.,.,Nurse,25,1,1,0,1,0,1,1,3,0,4
Terry Deitz,24,12,3,38,1,8,5,15,4,9,12,0.444444444,44.4444444,0.333333333,33.3333333,1,1,1,0,0,0,.,.,.,Pilot,26,1,1,0,3,1,0,3,2,1,2
Danielle DiLorenzo,24,12,2,39,4,5,1,8,8,8,12,1,100,0.666666667,66.6666667,0,1,0,1,1,0,2,0.285714286,28.5714286,MedicalSalesRep,33,0,0,1,2,0,0,2,4,0,2
Aras Baskauskas,24,12,1,39,9,5,1,10,6,8,12,0.75,75,0.5,50,0,1,0,1,0,1,5,0.714285714,71.4285714,YogaInstructor,10,0,0,1,2,0,0,2,4,1,2
Sekou Bunch,45,13,20,3,3,0,0,1,0,1,17,0,0,0,0,0,0,0,0,0,0,.,.,.,JazzMusician,28,0,0,1,2,0,0,3,2,1,4
Billy Garcia,36,13,19,6,4,1,0,1,0,1,17,0,0,0,0,0,0,0,0,0,0,.,.,.,HeavyMetalMusician,28,1,1,0,2,0,0,2,3,1,3
Cecilia Mansilla,29,13,18,8,5,1,0,1,1,2,17,0.5,50,0.058823529,5.8823529,0,0,0,0,0,0,.,.,.,RiskConsultant,16,0.5,0,0,1,0,1,2,3,0,2
JP Calderon,30,13,17,11,7,2,0,2,1,2,17,0.5,50,0.058823529,5.8823529,0,0,0,0,0,0,.,.,.,VolleyballPro,36,0,0,1,2,0,0,3,3,1,3
Stephannie Favor,35,13,16,14,9,2,0,3,2,3,17,0.666666667,66.6666667,0.117647059,11.7647059,0,0,0,0,0,0,.,.,.,NursingStudent,41,1,1,0,1,0,1,1,3,0,3
CaoBoi Bui,42,13,15,15,6,4,0,6,1,2,17,0.5,50,0.058823529,5.8823529,0,0,0,0,0,0,.,.,.,NailSalonManager,21,1,1,0,3,1,0,1,2,1,4
Cristina Coria,35,13,14,15,5,2,0,3,3,4,17,0.75,75,0.176470588,17.6470588,0,0,0,0,0,0,.,.,.,PoliceOfficer,17,0,0,1,3,1,0,3,3,0,3
Jessica Smith,27,13,13,18,6,4,0,7,1,3,17,0.333333333,33.3333333,0.058823529,5.8823529,0,0,0,0,0,0,.,.,.,RollerGirl,36,0,0,1,2,0,0,3,3,0,2
Brad Virata,29,13,12,21,7,4,0,5,2,4,17,0.5,50,0.117647059,11.7647059,0,0,1,0,0,0,.,.,.,FashionDirector,4,0,0,1,2,0,0,2,3,1,2
Rebecca Borman,34,13,11,24,6,3,0,4,5,6,17,0.833333333,83.3333333,0.294117647,29.4117647,0,0,1,0,0,0,.,.,.,MakeUpArtist,4,1,1,0,2,0,0,2,3,0,3
Jenny Guzon Bae,36,13,10,24,6,4,0,5,5,6,17,0.833333333,83.3333333,0.294117647,29.4117647,0,0,1,0,0,0,.,.,.,RealEstateAgent,31,0,0,1,1,0,1,1,3,1,3
Nate Gonzalez,26,13,9,27,5,3,0,4,3,7,17,0.428571429,42.8571429,0.176470588,17.6470588,0,1,1,0,0,0,.,.,.,ShoeSalesman,33,0,0,1,2,0,0,3,3,0,2
Candice Woodcock,23,13,8,30,6,4,0,7,5,7,17,0.714285714,71.4285714,0.294117647,29.4117647,0,1,1,0,0,0,.,.,.,PreMedStudent,41,1,1,0,1,0,1,1,4,0,2
Jonathan Penner,44,13,7,33,15,4,0,7,8,9,17,0.888888889,88.8888889,0.470588235,47.0588235,0,1,1,0,0,0,.,.,.,Writer,20,0,0,1,2,0,0,1,2,1,4
Parvati Shallow,23,13,6,36,4,4,0,7,7,10,17,0.7,70,0.411764706,41.1764706,0,1,1,0,0,0,.,.,.,Boxer,36,0.5,0,0,2,0,0,2,2,0,2
Adam Gentry,28,13,5,37,5,5,1,6,7,11,17,0.636363636,63.6363636,0.411764706,41.1764706,0,1,1,0,0,0,.,.,.,CopierSales,33,0,0,1,2,0,0,2,3,1,2
Sundra Oakley,31,13,4,38,6,5,0,10,8,10,17,0.8,80,0.470588235,47.0588235,0,1,1,0,0,0,.,.,.,Actress,19,0,0,1,2,0,0,2,3,0,3
Becky Lee,28,13,3,39,5,6,0,11,9,9,17,1,100,0.529411765,52.9411765,0,1,0,1,1,0,0,0,0,Attorney,18,0,0,1,1,0,1,1,3,0,2
Ozzy Lusth,25,13,2,39,1,10,5,16,8,10,17,0.8,80,0.470588235,47.0588235,0,1,0,1,1,0,4,0.444444444,44.4444444,Waiter,15,1,1,0,2,0,0,3,4,1,2
Yul Kwon,31,13,1,39,5,6,0,12,9,9,17,1,100,0.529411765,52.9411765,1,1,0,1,0,1,5,0.555555556,55.5555556,ManagementConsultant,21,0,0,1,1,0,1,1,3,1,3
Jessica de Ben,27,14,19,3,6,0,0,0,0,1,15,0,0,0,0,0,0,0,0,0,0,.,.,.,FashionStylist,4,0,0,1,2,0,0,2,3,0,2
Erica Durousseau,27,14,18,6,6,0,0,0,0,2,15,0,0,0,0,0,0,0,0,0,0,.,.,.,NonProfitFundraiser,35,0,0,1,2,0,0,2,3,0,2
Sylvia Kwan,52,14,17,8,6,0,0,0,1,2,15,0.5,50,0.066666667,6.6666667,0,0,0,0,0,0,.,.,.,Architect,7,0,0,1,1,0,1,1,2,0,5
Gary Stritesky,55,14,16,10,0,3,0,5,.,0,15,.,.,.,.,0,0,0,0,0,0,.,.,.,SchoolBusDriver,39,1,1,0,3,1,0,3,2,1,5
Liliana Gomez,25,14,15,11,6,3,0,6,0,1,15,0,0,0,0,0,0,0,0,0,0,.,.,.,LoanOfficer,5,0,0,1,1,0,1,2,4,0,2
Rita Verreos,38,14,14,14,6,1,0,0,2,4,15,0.5,50,0.133333333,13.3333333,0,0,0,0,0,0,.,.,.,SingleMom,14,0,0,1,2,0,0,3,3,0,3
Anthony Robinson,32,14,13,16,10,1,0,0,3,5,15,0.6,60,0.2,20,0,0,0,0,0,0,.,.,.,ExpertWitnessLocator,6,0,0,1,1,0,1,1,3,1,3
Rocky Reid,28,14,12,19,5,1,0,1,3,6,15,0.5,50,0.2,20,0,0,1,0,0,0,.,.,.,Bartender,19,0,0,1,2,0,0,3,3,1,2
Lisi Linares,36,14,11,21,7,4,0,9,2,3,15,0.666666667,66.6666667,0.133333333,13.3333333,0,0,1,0,0,0,.,.,.,CustomerServiceRep,33,0,0,1,3,1,0,3,3,0,3
Michelle Yi,23,14,10,24,3,4,0,4,3,5,15,0.6,60,0.2,20,0,1,1,0,0,0,.,.,.,Student,41,0.5,0,0,1,0,1,1,4,0,2
Edgardo Rivera,28,14,9,27,5,4,0,10,4,5,15,0.8,80,0.266666667,26.6666667,1,1,1,0,0,0,.,.,.,AdExecutive,2,0,0,1,1,0,1,2,3,1,2
Mookie Lee,25,14,8,30,6,1,0,1,5,10,15,0.5,50,0.333333333,33.3333333,1,1,1,0,0,0,.,.,.,BusinessConsultant,5,0,0,1,1,0,1,2,4,1,2
Alex Angarita,28,14,7,33,9,4,0,10,6,8,15,0.75,75,0.4,40,1,1,1,0,0,0,.,.,.,Attorney,18,0,0,1,1,0,1,1,3,1,2
Stacy Kimball,27,14,6,36,4,8,1,15,5,6,15,0.833333333,83.3333333,0.333333333,33.3333333,0,1,1,0,0,0,.,.,.,WebProducer,8,0,0,1,1,0,1,3,3,0,2
Boo Bernis,34,14,5,37,5,9,2,17,3,6,15,0.5,50,0.2,20,0,1,1,0,0,0,.,.,.,ConstructionWorker,7,0.5,0,0,3,1,0,3,3,1,3
YauMan Chan,54,14,4,38,9,6,2,9,8,10,15,0.8,80,0.533333333,53.3333333,1,1,1,0,0,0,.,.,.,ComputerEngineer,8,0,0,1,1,0,1,1,2,1,5
Cassandra Franklin,42,14,2,39,5,7,0,14,5,7,15,0.714285714,71.4285714,0.333333333,33.3333333,0,1,0,1,1,0,0,0,0,CollegeAdministrator,1,0,0,1,1,0,1,1,3,0,4
Dreamz Herd,25,14,2,39,2,5,1,12,9,11,15,0.818181818,81.8181818,0.6,60,0,1,0,1,1,0,0,0,0,CheerleadingCoach,10,0,0,1,3,1,0,3,4,1,2
Earl Cole,35,14,1,39,1,4,0,6,8,9,15,0.888888889,88.8888889,0.533333333,53.3333333,1,1,0,1,0,1,9,1,100,AdExecutive,2,0,0,1,1,0,1,1,3,1,3
Chicken Morris,47,15,16,3,5,0,0,0,0,1,13,0,0,0,0,0,0,0,0,0,0,.,.,.,ChickenFarmer,3,1,1,0,3,1,0,3,2,1,4
Ashley Massaro,28,15,15,6,8,0,0,0,0,2,13,0,0,0,0,0,0,0,0,0,0,.,.,.,ProfessionalWrestler,36,0,0,1,2,0,0,3,3,0,2
Leslie Nease,38,15,14,9,6,2,0,3,0,1,13,0,0,0,0,0,0,0,0,0,0,.,.,.,ChristianRadioHost,19,1,1,0,2,0,0,1,3,0,3
Dave Cruser,37,15,13,12,6,1,0,2,1,3,13,0.333333333,33.3333333,0.076923077,7.6923077,0,0,0,0,0,0,.,.,.,Bartender,15,0,0,1,2,0,0,2,3,1,3
Aaron Reisberger,32,15,12,15,3,3,0,5,1,2,13,0.5,50,0.076923077,7.6923077,0,0,0,0,0,0,.,.,.,SurfingInstructor,10,0,0,1,2,0,0,2,3,1,3
Sherea Loyd,26,15,11,18,6,2,0,4,3,4,13,0.75,75,0.230769231,23.0769231,0,0,0,0,0,0,.,.,.,ElementaryTeacher,10,1,1,0,1,0,1,3,4,0,2
Jaime Dugan,22,15,10,21,7,2,0,3,4,5,13,0.8,80,0.307692308,30.7692308,0,1,1,0,0,0,.,.,.,Student,41,0,0,1,1,0,1,2,4,0,2
JeanRobert Bellande,36,15,9,24,12,4,0,8,3,4,13,0.75,75,0.230769231,23.0769231,0,1,1,0,0,0,.,.,.,PokerPlayer,19,0,0,1,2,0,0,1,3,1,3
Frosti Zernow,20,15,8,27,7,3,1,6,6,7,13,0.857142857,85.7142857,0.461538462,46.1538462,0,1,1,0,0,0,.,.,.,Student,41,0,0,1,2,0,0,3,4,1,2
James Clement,30,15,7,30,9,4,0,7,4,6,13,0.666666667,66.6666667,0.307692308,30.7692308,1,1,1,0,0,0,.,.,.,Gravedigger,6,0,0,1,2,0,0,3,3,1,3
Erik Huffman,26,15,6,33,5,3,1,5,6,9,13,0.666666667,66.6666667,0.461538462,46.1538462,0,1,1,0,0,0,.,.,.,Musician,28,0,0,1,2,0,0,2,4,1,2
PeihGee Law,29,15,5,36,8,4,2,8,5,10,13,0.5,50,0.384615385,38.4615385,0,1,1,0,0,0,.,.,.,Jeweler,4,0,0,1,2,0,0,1,3,0,2
Denise Martin,40,15,4,38,3,4,0,9,7,9,13,0.777777778,77.7777778,0.538461538,53.8461538,0,1,1,0,0,0,.,.,.,SchoolLunchLady,15,0.5,0,0,3,1,0,2,2,0,4
Amanda Kimmel,22,15,3,39,0,6,2,12,9,9,13,1,100,0.692307692,69.2307692,1,1,0,1,1,0,1,0.142857143,14.2857143,HikingGuide,29,1,1,0,2,0,0,1,4,0,2
Courtney Yates,26,15,2,39,0,5,1,9,7,9,13,0.777777778,77.7777778,0.538461538,53.8461538,0,1,0,1,1,0,2,0.285714286,28.5714286,Waitress,15,0,0,1,2,0,0,1,4,0,2
Todd Herzog,22,15,1,39,5,4,0,8,9,9,13,1,100,0.692307692,69.2307692,1,1,0,1,0,1,4,0.571428571,57.1428571,FlightAttendant,15,1,1,0,3,1,0,1,4,1,2
2Jon Dalton,33,16,20,3,9,0,0,0,0,1,14,0,0,0,0,0,0,0,0,0,0,.,.,.,ArtConsulant,4,0,0,1,1,0,1,1,3,1,3
Mary Sartain,29,16,19,6,6,1,0,1,0,1,14,0,0,0,0,0,0,0,0,0,0,.,.,.,RealEstateManager,31,1,1,0,1,0,1,2,3,0,2
2Yau-Man Chan,55,16,18,8,6,2,1,3,1,2,14,0.5,50,0.071428571,7.1428571,0,0,0,0,0,0,.,.,.,ComputerEngineer,8,0,0,1,1,0,1,1,2,1,5
Mikey Bortone,34,16,17,11,6,2,0,2,0,2,14,0,0,0,0,0,0,0,0,0,0,.,.,.,AspiringWriter,20,1,1,0,2,0,0,1,3,1,3
Joel Anderson,32,16,16,14,6,2,0,2,1,3,14,0.333333333,33.3333333,0.071428571,7.1428571,0,0,0,0,0,0,.,.,.,Firefighter,6,1,1,0,3,1,0,3,3,1,3
2Jonathan Penner,45,16,15,15,0,3,0,7,1,2,14,0.5,50,0.071428571,7.1428571,0,0,0,0,0,0,.,.,.,Writer,20,0,0,1,2,0,0,1,2,1,4
Chet Welch,48,16,14,17,12,2,0,2,3,4,14,0.75,75,0.214285714,21.4285714,0,0,0,0,0,0,.,.,.,PageantCoach,10,0,0,1,2,0,0,2,2,1,4
Kathy Sleckman,45,16,13,19,0,5,1,7,2,2,14,1,100,0.142857143,14.2857143,0,0,0,0,0,0,.,.,.,GolfCourseVendor,33,1,1,0,3,1,0,1,2,0,4
Tracy Hughes Wolf,43,16,12,20,7,2,0,3,3,5,14,0.6,60,0.214285714,21.4285714,0,0,0,0,0,0,.,.,.,ResidentialBuilder,7,1,1,0,3,1,0,2,2,0,4
2Ami Cusack,34,16,11,21,4,2,0,5,4,6,14,0.666666667,66.6666667,0.285714286,28.5714286,0,0,0,0,0,0,.,.,.,Nanny,14,0,0,1,2,0,0,2,3,0,3
2Eliza Orlins,25,16,10,24,8,6,0,10,2,3,14,0.666666667,66.6666667,0.142857143,14.2857143,0,1,1,0,0,0,.,.,.,PreLawStudent,41,0,0,1,1,0,1,1,4,0,2
2Ozzy Lusth,26,16,9,27,9,3,1,6,7,8,14,0.875,87.5,0.5,50,1,1,1,0,0,0,.,.,.,Photographer,4,0,0,1,2,0,0,3,4,1,2
Jason Siska,22,16,8,30,8,7,1,10,1,5,14,0.2,20,0.071428571,7.1428571,1,1,1,0,0,0,.,.,.,GymnasticsCoach,10,1,1,0,2,0,0,3,4,1,2
2James Clement,30,16,7,31,3,6,0,10,3,5,14,0.6,60,0.214285714,21.4285714,0,1,1,0,0,0,.,.,.,Gravediffer,6,0,0,1,2,0,0,3,3,1,3
Alexis Jones,24,16,6,33,2,6,0,9,3,6,14,0.5,50,0.214285714,21.4285714,0,1,1,0,0,0,.,.,.,MotivationalSpeaker,19,0,0,1,2,0,0,2,4,0,2
Erik Reichenbach,22,16,5,36,7,4,2,8,7,11,14,0.636363636,63.6363636,0.5,50,0,1,1,0,0,0,.,.,.,IceCreamScooper,15,1,1,0,2,0,0,1,4,1,2
Natalie Bolton,32,16,4,37,3,7,1,8,5,8,14,0.625,62.5,0.357142857,35.7142857,0,1,1,0,0,0,.,.,.,PersonalTrainer,12,1,1,0,2,0,0,3,3,0,3
2Cirie Fields,37,16,3,38,3,2,0,5,11,12,14,0.916666667,91.6666667,0.785714286,78.5714286,0,1,1,0,0,0,.,.,.,Nurse,25,0,0,1,3,1,0,1,3,0,3
2Amanda Kimmel,23,16,2,39,4,4,2,8,11,12,14,0.916666667,91.6666667,0.785714286,78.5714286,1,1,0,1,1,0,3,0.375,37.5,HikingGuide,29,0,0,1,2,0,0,2,4,0,2
2Parvati Shallow,25,16,1,39,4,7,1,11,8,8,14,1,100,0.571428571,57.1428571,1,1,0,1,0,1,5,0.625,62.5,CharityOrganizer,15,0,0,1,1,0,1,2,4,0,2
Michelle Chase,24,17,18,3,8,0,0,0,0,1,15,0,0,0,0,0,0,0,0,0,0,.,.,.,MusicAssistant,28,0,0,1,2,0,0,2,4,0,2
Gillian Larson,61,17,17,6,8,0,0,0,1,2,15,0.5,50,0.066666667,6.6666667,0,0,0,0,0,0,.,.,.,Nurse,25,1,1,0,3,1,0,1,2,0,6
Paloma Soto Castillo,23,17,16,9,7,2,0,3,0,1,15,0,0,0,0,0,0,0,0,0,0,.,.,.,Student,41,0,0,1,2,0,0,2,4,0,2
Jacquie Berg,25,17,15,12,5,2,0,3,1,2,15,0.5,50,0.066666667,6.6666667,0,0,0,0,0,0,.,.,.,MedicalSales,33,1,1,0,1,0,1,2,4,0,2
GC Brown,25,17,14,15,6,2,1,3,3,4,15,0.75,75,0.2,20,0,0,0,0,0,0,.,.,.,MaintenenceSuperviso,12,1,1,0,3,1,0,3,4,1,2
Kelly Czarnecki,22,17,13,18,8,2,0,3,2,4,15,0.5,50,0.133333333,13.3333333,0,0,0,0,0,0,.,.,.,RetailSalesManager,33,0,0,1,1,0,1,2,4,0,2
Ace Gordon,27,17,12,21,5,2,0,3,3,5,15,0.6,60,0.2,20,0,0,0,0,0,0,.,.,.,FashionPhotographer,4,1,1,0,2,0,0,3,3,1,2
Dan Kay,32,17,11,21,4,4,0,8,2,3,15,0.666666667,66.6666667,0.133333333,13.3333333,0,0,0,0,0,0,.,.,.,Attorney,18,0,0,1,1,0,1,1,3,1,3
Marcus Lehman,28,17,10,24,3,7,2,11,1,3,15,0.333333333,33.3333333,0.066666667,6.6666667,1,0,1,0,0,0,.,.,.,ResidentPhysician,40,0,0,1,1,0,1,1,3,1,2
Charlie Herschel,29,17,9,27,5,6,0,11,2,3,15,0.666666667,66.6666667,0.133333333,13.3333333,1,1,1,0,0,0,.,.,.,Lawyer,18,0,0,1,1,0,1,1,3,1,2
Randy Bailey,49,17,8,30,5,5,0,10,2,5,15,0.4,40,0.133333333,13.3333333,1,1,1,0,0,0,.,.,.,WeddingVideographer,4,1,1,0,2,0,0,1,2,1,4
Corinne Kaplan,29,17,7,33,4,6,0,11,2,5,15,0.4,40,0.133333333,13.3333333,1,1,1,0,0,0,.,.,.,SalesRepresentative,33,0,0,1,1,0,1,2,3,0,2
Crystal Cox,29,17,6,36,11,1,0,2,10,11,15,0.909090909,90.9090909,0.666666667,66.6666667,1,1,1,0,0,0,.,.,.,OlympicChampion,36,1,1,0,2,0,0,3,3,0,2
Ken Hoang,22,17,5,37,7,2,1,3,9,12,15,0.75,75,0.6,60,1,1,1,0,0,0,.,.,.,ProfessionalGamer,19,1,1,0,2,0,0,1,4,1,2
Matty Whitmore,29,17,4,38,7,2,0,4,10,12,15,0.833333333,83.3333333,0.666666667,66.6666667,1,1,1,0,0,0,.,.,.,ProfessionalTrainer,13,0,0,1,2,0,0,3,3,1,2
Sugar Kiper,29,17,3,39,0,4,1,5,10,10,15,1,100,0.666666667,66.6666667,2,1,0,1,1,0,0,0,0,PinUpModel,19,0,0,1,2,0,0,2,3,0,2
Susie Smith,47,17,2,39,7,6,2,10,9,10,15,0.9,90,0.6,60,1,1,0,1,1,0,3,0.428571429,42.8571429,Hairdresser,37,1,1,0,2,0,0,3,2,0,4
Bob Crowley,57,17,1,39,2,8,3,14,5,9,15,0.555555556,55.5555556,0.333333333,33.3333333,1,1,0,1,0,1,4,0.571428571,57.1428571,PhysicsTeacher,10,0,0,1,1,0,1,1,2,1,5
Carolina Eastwood,26,18,16,3,7,0,0,0,0,1,12,0,0,0,0,0,0,0,0,0,0,.,.,.,Bartender,15,0,0,1,2,0,0,2,4,0,2
Candace Smith,31,18,15,6,7,1,0,1,0,1,12,0,0,0,0,0,0,0,0,0,0,.,.,.,Attorney,18,0,0,1,1,0,1,1,3,0,3
Jerry Sims,49,18,14,9,6,1,0,1,1,2,12,0.5,50,0.083333333,8.3333333,0,0,0,0,0,0,.,.,.,SgtUSArmy,26,0,0,1,3,1,0,3,2,1,4
Sandy Burgin,53,18,13,12,6,2,0,4,1,2,12,0.5,50,0.083333333,8.3333333,0,0,0,0,0,0,.,.,.,BusDriver,39,1,1,0,3,1,0,1,2,0,5
Spencer Duhm,18,18,12,15,5,2,0,5,2,3,12,0.666666667,66.6666667,0.166666667,16.6666667,0,0,0,0,0,0,.,.,.,Student,41,1,1,0,2,0,0,1,4,1,1
Sydney Wheeler,24,18,11,18,4,2,0,5,3,4,12,0.75,75,0.25,25,0,0,0,0,0,0,.,.,.,Model,19,0,0,1,2,0,0,2,4,0,2
Joe Dowdle,26,18,10,20,1,2,0,5,3,4,12,0.75,75,0.25,25,0,1,0,0,0,0,.,.,.,RealEstateSales,33,0,0,1,1,0,1,1,4,1,2
Brendan Synnott,30,18,9,24,4,4,0,6,2,3,12,0.666666667,66.6666667,0.166666667,16.6666667,1,1,1,0,0,0,.,.,.,Entrepreneur,21,0,0,1,1,0,1,1,3,1,3
Tyson Apostol,29,18,8,27,5,5,1,8,2,4,12,0.5,50,0.166666667,16.6666667,0,1,1,0,0,0,.,.,.,FormerProfessionalCy,36,0,0,1,2,0,0,3,3,1,2
Sierra Reed,23,18,7,30,11,4,0,5,3,5,12,0.6,60,0.25,25,0,1,1,0,0,0,.,.,.,Model,19,0,0,1,2,0,0,2,4,0,2
Debbie Beebe,46,18,6,33,6,5,1,8,4,6,12,0.666666667,66.6666667,0.333333333,33.3333333,0,1,1,0,0,0,.,.,.,SchoolPrincipal,10,0,0,1,1,0,1,1,2,0,4
Coach Wade,37,18,5,36,6,5,1,6,4,7,12,0.571428571,57.1428571,0.333333333,33.3333333,0,1,1,0,0,0,.,.,.,SoccerCoach,10,1,1,0,1,0,1,3,3,1,3
Taj Johnson George,37,18,4,37,7,2,0,5,7,10,12,0.7,70,0.583333333,58.3333333,1,1,1,0,0,0,.,.,.,FormerPopStar,28,0,0,1,2,0,0,2,3,0,3
Erinn Lobdell,26,18,3,38,5,4,0,6,6,8,12,0.75,75,0.5,50,0,1,1,0,0,0,.,.,.,Hairstylist,37,0,0,1,2,0,0,2,4,0,2
Stephen Fishbach,29,18,2,39,1,3,1,7,10,10,12,1,100,0.833333333,83.3333333,1,1,0,1,1,0,0,0,0,CorporateConsultant,1,0,0,1,1,0,1,1,3,1,2
JT Thomas,24,18,1,39,0,5,3,11,8,10,12,0.8,80,0.666666667,66.6666667,0,1,0,1,0,1,7,1,100,CattleRancher,3,1,1,0,3,1,0,3,4,1,2
Marisa Calihan,26,19,20,3,7,0,0,1,0,1,15,0,0,0,0,0,0,0,0,0,0,.,.,.,Student,41,0,0,1,1,0,1,2,4,0,2
Mike Borassi,62,19,19,5,0,0,0,1,1,1,15,1,100,0.066666667,6.6666667,0,0,0,0,0,0,.,.,.,PrivateChef,15,1,1,0,3,1,0,3,2,1,6
Betsy Bolan,48,19,18,6,7,0,0,1,0,2,15,0,0,0,0,0,0,0,0,0,0,.,.,.,PoliceOfficer,17,1,1,0,3,1,0,3,2,0,4
Ben Browning,28,19,17,8,7,0,0,1,2,3,15,0.666666667,66.6666667,0.133333333,13.3333333,0,0,0,0,0,0,.,.,.,BarManager,15,0,0,1,2,0,0,2,3,1,2
Yasmin Giles,33,19,16,11,8,3,0,4,0,1,15,0,0,0,0,0,0,0,0,0,0,.,.,.,Hairstylist,37,0,0,1,2,0,0,2,3,0,3
Ashley Trainer,22,19,15,14,9,1,0,2,3,4,15,0.75,75,0.2,20,0,0,0,0,0,0,.,.,.,SpaSales,33,0.5,0,0,1,0,1,2,3,0,2
Russell Swan,42,19,14,15,0,4,0,6,1,1,15,1,100,0.066666667,6.6666667,0,0,0,0,0,0,.,.,.,Attorney,18,1,1,0,1,0,1,3,3,1,4
Liz Kim,33,19,13,18,5,1,0,2,4,5,15,0.8,80,0.266666667,26.6666667,0,0,0,0,0,0,.,.,.,UrbanPlanner,7,0,0,1,1,0,1,1,3,0,3
Erik Cardona,28,19,12,21,10,5,0,8,1,2,15,0.5,50,0.066666667,6.6666667,1,1,1,0,0,0,.,.,.,Bartender,15,0,0,1,2,0,0,3,4,1,2
Kelly Sharbaugh,25,19,11,24,4,5,0,9,2,3,15,0.666666667,66.6666667,0.133333333,13.3333333,0,1,1,0,0,0,.,.,.,Hairstylist,37,0,0,1,2,0,0,2,4,0,2
Laura Morett,39,19,10,27,10,7,2,11,2,4,15,0.5,50,0.133333333,13.3333333,0,1,1,0,0,0,.,.,.,OfficeManager,21,0.5,0,0,1,0,1,3,3,0,3
John Fincher,25,19,9,30,7,6,1,10,2,5,15,0.4,40,0.133333333,13.3333333,0,1,1,0,0,0,.,.,.,RocketScientist,34,0,0,1,1,0,1,1,4,1,2
Dave Ball,38,19,8,31,8,5,0,10,3,6,15,0.5,50,0.2,20,0,1,1,0,0,0,.,.,.,FitnessInstructor,12,0,0,1,2,0,0,1,3,1,3
Monica Padilla,25,19,7,33,7,5,0,9,4,7,15,0.571428571,57.1428571,0.266666667,26.6666667,0,1,1,0,0,0,.,.,.,LawStudent,41,0,0,1,2,0,0,1,4,0,2
Shambo Waters,45,19,6,36,6,5,0,10,3,8,15,0.375,37.5,0.2,20,0,1,1,0,0,0,.,.,.,FormerMarine,26,1,1,0,3,1,0,3,2,0,4
Jaison Robinson,28,19,5,37,7,3,2,5,12,13,15,0.923076923,92.3076923,0.8,80,0,1,1,0,0,0,.,.,.,LawStudent,41,0,0,1,2,0,0,1,3,1,2
Brett Clouser,23,19,4,38,3,8,3,12,5,10,15,0.5,50,0.333333333,33.3333333,0,1,1,0,0,0,.,.,.,TShirtDesigner,4,0,0,1,2,0,0,2,4,1,2
Mick Trimming,33,19,3,39,4,2,1,3,13,14,15,0.928571429,92.8571429,0.866666667,86.6666667,0,1,0,1,1,0,0,0,0,Doctor,40,0,0,1,1,0,1,1,3,1,3
Russell Hantz,36,19,2,39,9,2,1,5,14,14,15,1,100,0.933333333,93.3333333,3,1,0,1,1,0,2,0.222222222,22.2222222,OilCompanyOwner,21,0.5,0,0,1,0,1,3,3,1,3
Natalie White,26,19,1,39,8,1,0,3,14,14,15,1,100,0.933333333,93.3333333,0,1,0,1,0,1,7,0.777777778,77.7777778,PharmaceuticalSales,33,0.5,0,0,1,0,1,2,4,0,2
2Sugar Kiper,30,20,20,3,9,0,0,1,0,1,17,0,0,0,0,0,0,0,0,0,0,.,.,.,PinUpModel,19,0,0,1,2,0,0,2,3,0,3
3Stephenie Lagrossa,29,20,19,6,6,0,0,1,1,2,17,0.5,50,0.058823529,5.8823529,0,0,0,0,0,0,.,.,.,PharmaceuticalSalesR,33,0,0,1,1,0,1,2,3,0,2
2Randy Bailey,50,20,18,8,9,2,0,2,0,1,17,0,0,0,0,0,0,0,0,0,0,.,.,.,WeddingVideographer,4,0,0,1,2,0,0,1,2,1,5
3Cirie Fields,39,20,17,11,3,1,0,2,2,3,17,0.666666667,66.6666667,0.117647059,11.7647059,0,0,0,0,0,0,.,.,.,Nurse,25,0,0,1,3,1,0,1,3,0,3
2Tom Westman,45,20,16,14,8,1,0,2,2,4,17,0.5,50,0.117647059,11.7647059,1,0,0,0,0,0,.,.,.,MotivationalSpeaker,19,0,0,1,2,0,0,3,2,1,4
2Tyson Apostol,30,20,15,15,3,4,0,7,1,2,17,0.5,50,0.058823529,5.8823529,0,0,0,0,0,0,.,.,.,FormerProfessionalCy,36,0,0,1,2,0,0,3,3,1,3
2James Clement,32,20,14,15,7,1,0,2,3,5,17,0.6,60,0.176470588,17.6470588,0,0,0,0,0,0,.,.,.,Gravedigger,6,0,0,1,2,0,0,3,3,1,3
3Rob Mariano,33,20,13,18,5,5,1,8,1,3,17,0.333333333,33.3333333,0.058823529,5.8823529,0,0,0,0,0,0,.,.,.,AspiringPokerPlayer,19,0,0,1,2,0,0,1,3,1,3
2Coach Wade,38,20,12,21,4,4,0,7,1,4,17,0.25,25,0.058823529,5.8823529,0,0,1,0,0,0,.,.,.,SoccerCoach,10,0,0,1,2,0,0,3,3,1,3
2Courtney Yates,28,20,11,24,9,4,0,8,2,5,17,0.4,40,0.117647059,11.7647059,0,0,1,0,0,0,.,.,.,Waitress,15,0,0,1,2,0,0,1,4,0,2
2JT Thomas,25,20,10,27,5,4,0,7,5,6,17,0.833333333,83.3333333,0.294117647,29.4117647,1,1,1,0,0,0,.,.,.,CattleRancher,3,0,0,1,3,1,0,3,4,1,2
3Amanda Kimmel,25,20,9,30,10,4,0,8,4,7,17,0.571428571,57.1428571,0.235294118,23.5294118,0,1,1,0,0,0,.,.,.,AspiringDesigner,4,0,0,1,2,0,0,2,4,0,2
2Candice Woodcock,26,20,8,31,5,5,1,8,5,8,17,0.625,62.5,0.294117647,29.4117647,0,1,1,0,0,0,.,.,.,Physician,40,0,0,1,1,0,1,1,4,0,2
2Danielle DiLorenzo,28,20,7,33,4,5,1,10,7,9,17,0.777777778,77.7777778,0.411764706,41.1764706,1,1,1,0,0,0,.,.,.,MedicalSalesRep,33,0,0,1,1,0,1,2,4,0,2
2Rupert Boneham,45,20,6,36,10,4,0,7,6,10,17,0.6,60,0.352941176,35.2941176,0,1,1,0,0,0,.,.,.,TroubledTeensMentor,35,0,0,1,2,0,0,3,3,1,4
3Colby Donaldson,35,20,5,37,7,4,0,8,5,11,17,0.454545455,45.4545455,0.294117647,29.4117647,0,1,1,0,0,0,.,.,.,AutoCustomizer,27,0,0,1,3,1,0,3,3,1,3
3Jerri Manthey,38,20,4,38,9,5,1,10,9,12,17,0.75,75,0.529411765,52.9411765,0,1,1,0,0,0,.,.,.,AspiringActress,19,0,0,1,2,0,0,2,3,0,3
2Russell Hantz,36,20,3,39,5,6,2,10,11,12,17,0.916666667,91.6666667,0.647058824,64.7058824,2,1,0,1,1,0,0,0,0,OilCompanyOwner,21,0,0,1,1,0,1,3,3,1,3
3Parvati Shallow,26,20,2,39,8,7,3,11,10,12,17,0.833333333,83.3333333,0.588235294,58.8235294,1,1,0,1,1,0,3,0.333333333,33.3333333,CharityOrganizer,35,0,0,1,1,0,1,2,4,0,2
2Sandra Diaz Twine,35,20,1,39,3,4,0,8,8,12,17,0.666666667,66.6666667,0.470588235,47.0588235,1,1,0,1,0,1,6,0.666666667,66.6666667,OfficeAssistant,1,0,0,1,1,0,1,3,3,0,3
Wendy DeSmidt Kohlhoff,48,21,20,3,9,0,0,0,0,1,15,0,0,0,0,0,0,0,0,0,0,.,.,.,GoatRancher,3,1,1,0,3,1,0,3,2,0,4
Shannon Elkins,30,21,19,6,7,1,0,2,0,1,15,0,0,0,0,0,0,0,0,0,0,.,.,.,PestControlCompanyOw,21,0,0,1,1,0,1,3,3,1,3
Jimmy Johnson,67,21,18,8,8,1,0,1,1,2,15,0.5,50,0.066666667,6.6666667,0,0,0,0,0,0,.,.,.,FormerNFLCoach,36,1,1,0,1,0,1,1,1,1,6
Jimmy Tarantino,48,21,17,11,5,1,0,1,2,3,15,0.666666667,66.6666667,0.133333333,13.3333333,0,0,0,0,0,0,.,.,.,Fisherman,23,1,1,0,3,1,0,3,2,1,4
Tyrone Davis,42,21,16,14,6,1,0,2,3,4,15,0.75,75,0.2,20,0,0,0,0,0,0,.,.,.,FireCaptain,6,1,1,0,3,1,0,3,3,1,4
Kelly Bruno,26,21,15,15,8,4,0,6,1,2,15,0.5,50,0.066666667,6.6666667,0,0,0,0,0,0,.,.,.,MedicalStudent,41,0,0,1,1,0,1,2,4,0,2
Yve Rojas,41,21,14,15,7,1,0,2,3,5,15,0.6,60,0.2,20,0,0,0,0,0,0,.,.,.,Homemaker,14,0,0,1,2,0,0,2,3,0,4
Jill Behm,43,21,13,18,3,3,1,4,3,5,15,0.6,60,0.2,20,1,0,0,0,0,0,.,.,.,ERDoctor,40,1,1,0,1,0,1,1,3,0,4
Alina Wilson,23,21,12,22,10,4,0,7,2,4,15,0.5,50,0.133333333,13.3333333,0,1,1,0,0,0,.,.,.,ArtStudent,41,1,1,0,1,0,1,1,4,0,2
Marty Piombo,48,21,11,24,15,2,0,4,4,7,15,0.571428571,57.1428571,0.266666667,26.6666667,1,1,1,0,0,0,.,.,.,TechnologyExecutive,8,1,1,0,1,0,1,1,2,1,4
Brenda Lowe,27,21,10,27,13,5,1,7,5,6,15,0.833333333,83.3333333,0.333333333,33.3333333,1,1,1,0,0,0,.,.,.,PaddleboardCompanyOw,21,0,0,1,1,0,1,3,4,0,2
NaOnka Mixon,27,21,9,28,3,4,0,9,6,6,15,1,100,0.4,40,1,1,1,0,0,0,.,.,.,PETeacher,10,.,0,0,1,0,1,3,4,0,2
Kelly Shinn,20,21,8,28,0,4,0,7,5,6,15,0.833333333,83.3333333,0.333333333,33.3333333,0,1,1,0,0,0,.,.,.,NursingStudent,41,0,0,1,1,0,1,3,4,0,2
Benry Henry,24,21,7,32,5,4,0,9,5,7,15,0.714285714,71.4285714,0.333333333,33.3333333,0,1,1,0,0,0,.,.,.,ClubPromoter,19,0,0,1,2,0,0,2,4,1,2
Jane Bright,56,21,6,36,11,4,2,6,5,10,15,0.5,50,0.333333333,33.3333333,0,1,1,0,0,0,.,.,.,DogTrainer,3,1,1,0,2,0,0,1,2,0,5
Dan Lembo,63,21,5,37,9,2,0,6,8,11,15,0.727272727,72.7272727,0.533333333,53.3333333,0,1,1,0,0,0,.,.,.,RealEstateExecutive,31,0,0,1,1,0,1,3,2,1,6
Holly Hoffman,44,21,4,38,4,3,1,6,10,12,15,0.833333333,83.3333333,0.666666667,66.6666667,0,1,1,0,0,0,.,.,.,SwimCoach,10,1,1,0,2,0,0,3,3,0,4
Sash Lenahan,30,21,3,39,2,5,1,8,9,10,15,0.9,90,0.6,60,0,1,0,1,1,0,0,0,0,RealEstateBroker,31,0,0,1,1,0,1,2,3,1,3
Chase Rice,24,21,2,39,1,4,0,11,10,10,15,1,100,0.666666667,66.6666667,0,1,0,1,1,0,4,0.444444444,44.4444444,ProRacecarJackman,27,0,0,1,3,1,0,3,4,1,2
Fabio Birza,21,21,1,39,2,8,4,12,6,10,15,0.6,60,0.4,40,0,1,0,1,0,1,5,0.555555556,55.5555556,Student,41,0,0,1,2,0,0,2,4,1,2
Francesca Hogi,36,22,18,6,4,0,0,0,0,1,17,0,0,0,0,0,0,0,0,0,0,.,.,.,Attorney,18,0,0,1,1,0,1,1,3,0,3
3Russell Hantz,37,22,17,10,8,2,0,2,0,1,17,0,0,0,0,0,0,0,0,0,0,.,.,.,OilCompanyOwner,21,0,0,1,1,0,1,3,3,1,3
Kristina Kell,46,22,16,12,9,1,0,1,0,3,17,0,0,0,0,1,0,0,0,0,0,.,.,.,LawStudent,41,1,1,0,1,0,1,2,3,0,4
Krista Klumpp,25,22,15,14,6,3,0,3,0,2,17,0,0,0,0,0,0,0,0,0,0,.,.,.,PharmaceuticalRepres,33,0,0,1,1,0,1,2,4,0,2
Stephanie Valencia,26,22,14,17,8,3,0,3,0,3,17,0,0,0,0,0,0,0,0,0,0,.,.,.,Waitress,15,1,1,0,2,0,0,2,4,0,2
Sarita White,36,22,13,19,6,3,0,3,2,4,17,0.5,50,0.117647059,11.7647059,0,0,0,0,0,0,.,.,.,VisualEffectsProduce,4,0,0,1,2,0,0,1,3,0,3
David Murphy,31,22,12,25,8,3,0,3,3,7,17,0.428571429,42.8571429,0.176470588,17.6470588,0,1,1,0,0,0,.,.,.,DefenseAttorney,18,0,0,1,1,0,1,1,3,1,3
Julie Wolfe,50,22,11,28,6,3,0,3,3,8,17,0.375,37.5,0.176470588,17.6470588,0,1,1,0,0,0,.,.,.,Firefighter,6,0,0,1,3,1,0,3,2,0,5
Steve Wright,51,22,10,31,9,3,0,3,3,10,17,0.3,30,0.176470588,17.6470588,0,1,1,0,0,0,.,.,.,ExNFLPlayer,36,0,0,1,1,0,1,3,2,1,5
Ralph Kiser,45,22,9,33,10,3,0,4,3,9,17,0.333333333,33.3333333,0.176470588,17.6470588,1,1,1,0,0,0,.,.,.,Farmer,3,1,1,0,3,1,0,3,3,1,4
Grant Mattos,29,22,8,36,10,6,2,6,9,11,17,0.818181818,81.8181818,0.529411765,52.9411765,0,1,1,0,0,0,.,.,.,ExNFLPlayer,36,0,0,1,1,0,1,3,4,1,2
Matthew Elrod,22,22,7,36,10,0,0,10,1,3,17,0.333333333,33.3333333,0.058823529,5.8823529,0,1,1,0,0,0,.,.,.,PreMedStudent,41,0,0,1,1,0,1,1,4,1,2
Mike Chiesl,31,22,6,36,6,3,0,7,4,6,17,0.666666667,66.6666667,0.235294118,23.5294118,0,1,1,0,0,0,.,.,.,IraqWarVeteran,26,0.5,0,0,3,1,0,1,3,1,3
Andrea Boehlke,21,22,5,37,9,5,1,7,7,11,17,0.636363636,63.6363636,0.411764706,41.1764706,0,1,1,0,0,0,.,.,.,Student,41,0,0,1,1,0,1,2,4,0,2
Ashley Underwood,25,22,4,38,3,6,2,6,11,13,17,0.846153846,84.6153846,0.647058824,64.7058824,0,1,1,0,0,0,.,.,.,Nurse,25,0,0,1,3,1,0,2,4,0,2
Natalie Tenerelli,19,22,3,39,1,5,1,5,12,13,17,0.923076923,92.3076923,0.705882353,70.5882353,0,1,0,1,1,0,0,0,0,ProfessionalDancer,19,0,0,1,2,0,0,2,4,0,1
Phillip Sheppard,52,22,2,39,17,4,0,4,12,13,17,0.923076923,92.3076923,0.705882353,70.5882353,0,1,0,1,1,0,1,0.111111111,11.1111111,FormerFederalAgent,26,0,0,1,3,1,0,1,2,1,5
4Rob Mariano,34,22,1,39,7,8,4,8,12,13,17,0.923076923,92.3076923,0.705882353,70.5882353,1,1,0,1,0,1,8,0.888888889,88.8888889,AspiringPokerPlayer,19,0,0,1,2,0,0,1,3,1,3
Semhar Tadesse,24,23,18,6,8,0,0,1,0,1,17,0,0,0,0,0,0,0,0,0,0,.,.,.,SpokenWordArtist,4,0,0,1,2,0,0,2,4,0,2
Mark Caruso,48,23,17,9,6,1,0,2,1,2,17,0.5,50,0.058823529,5.8823529,0,0,0,0,0,0,.,.,.,RetiredNYPDDetective,17,1,1,0,3,1,0,3,2,1,4
Stacey Powell,44,23,16,12,10,2,0,2,0,2,17,0,0,0,0,0,0,0,0,0,0,.,.,.,Mortician,37,1,1,0,3,1,0,1,3,0,4
Elyse Umemoto,27,23,15,15,3,2,0,3,2,3,17,0.666666667,66.6666667,0.117647059,11.7647059,0,0,0,0,0,0,.,.,.,DanceTeamManager,19,0,0,1,2,0,0,2,4,0,2
Mikayla Wingle,22,23,14,17,4,3,0,3,2,3,17,0.666666667,66.6666667,0.117647059,11.7647059,0,0,0,0,0,0,.,.,.,LingrieFootballPlaye,36,0,0,1,2,0,0,2,4,0,2
Christine Shields Markoski,39,23,13,19,4,1,0,6,0,1,17,0,0,0,0,0,0,0,0,0,0,.,.,.,Teacher,10,1,1,0,1,0,1,1,3,0,3
Jim Rice,35,23,12,25,8,4,1,5,3,7,17,0.428571429,42.8571429,0.176470588,17.6470588,0,1,1,0,0,0,.,.,.,MedicalMarijuanaDisp,21,1,1,0,1,0,1,1,3,1,3
Keith Tollefson,26,23,11,25,12,3,0,4,3,5,17,0.6,60,0.176470588,17.6470588,0,1,1,0,0,0,.,.,.,WaterTreatmentTech,11,0,0,1,1,0,1,2,4,1,2
Dawn Meehan,41,23,10,28,9,4,1,5,5,8,17,0.625,62.5,0.294117647,29.4117647,0,1,1,0,0,0,.,.,.,EnglishProfessor,10,1,1,0,1,0,1,1,3,0,4
Whitney Duncan,27,23,9,28,7,4,1,5,4,9,17,0.444444444,44.4444444,0.235294118,23.5294118,0,1,1,0,0,0,.,.,.,CountryMusicSinger,28,0,0,1,2,0,0,2,4,0,2
John Cochran,24,23,8,31,13,3,1,4,8,10,17,0.8,80,0.470588235,47.0588235,0,1,1,0,0,0,.,.,.,HarvardLawStudent,41,1,1,0,1,0,1,1,4,1,2
Edna Mia,35,23,7,33,15,4,0,4,7,10,17,0.7,70,0.411764706,41.1764706,0,1,1,0,0,0,.,.,.,Anesthesiologist,40,0,0,1,1,0,1,3,3,0,3
Brandon Hantz,19,23,6,36,4,4,0,5,10,11,17,0.909090909,90.9090909,0.588235294,58.8235294,0,1,1,0,0,0,.,.,.,OilTankerCrewman,22,1,1,0,3,1,0,3,4,1,1
Rick Nelson,51,23,5,37,15,4,0,4,10,12,17,0.833333333,83.3333333,0.588235294,58.8235294,0,1,1,0,0,0,.,.,.,Rancher,3,1,1,0,3,1,0,3,2,1,5
3Ozzy Lusth,30,23,4,38,17,10,5,12,2,8,17,0.25,25,0.117647059,11.7647059,1,1,1,0,0,0,.,.,.,Surfer,36,0,0,1,2,0,0,3,4,1,3
Albert Destrade,26,23,3,39,1,5,1,5,11,13,17,0.846153846,84.6153846,0.647058824,64.7058824,0,1,0,1,1,0,0,0,0,BaseballCoach,10,0,0,1,1,0,1,3,4,1,2
3Coach Wade,39,23,2,39,0,5,1,5,13,13,17,1,100,0.764705882,76.4705882,1,1,0,1,1,0,3,0.333333333,33.3333333,SoccerCoach,10,0,0,1,2,0,0,3,3,1,3
Sophie Clarke,22,23,1,39,5,7,3,7,11,13,17,0.846153846,84.6153846,0.647058824,64.7058824,0,1,0,1,0,1,6,0.666666667,66.6666667,MedicalStudent,41,1,1,0,1,0,1,1,4,0,2
Kourtney Moon,29,24,18,3,0,0,0,0,.,0,13,.,.,.,.,0,0,0,0,0,0,.,.,.,MotorcycleRepair,27,1,1,0,2,0,0,3,4,0,2
Nina Acosta,51,24,17,5,6,0,0,0,0,1,13,0,0,0,0,0,0,0,0,0,0,.,.,.,RetiredLAPDOfficer,17,0,0,1,3,1,0,3,2,0,5
Matt Quinlan,33,24,16,8,7,2,0,3,0,1,13,0,0,0,0,0,0,0,0,0,0,.,.,.,Attorney,18,0,0,1,1,0,1,3,3,1,3
Bill Posley,28,24,15,11,8,2,0,4,1,2,13,0.5,50,0.076923077,7.6923077,0,0,0,0,0,0,.,.,.,StandUpComedian,19,1,1,0,2,0,0,2,4,1,2
Monica Culpepper,41,24,14,14,5,2,0,3,0,2,13,0,0,0,0,0,0,0,0,0,0,.,.,.,Homemaker,14,0,0,1,2,0,0,3,3,0,4
Colton Cumbie,21,24,13,16,1,2,0,4,3,3,13,1,100,0.230769231,23.0769231,0,0,0,0,0,0,.,.,.,Student,41,1,1,0,1,0,1,2,4,1,2
Jonas Otsuji,37,24,12,20,10,2,0,4,3,4,13,0.75,75,0.230769231,23.0769231,0,1,1,0,0,0,.,.,.,SushiChef,15,1,1,0,3,1,0,1,3,1,3
Michael Jefferson,30,24,11,22,9,3,0,8,2,4,13,0.5,50,0.153846154,15.3846154,0,1,1,0,0,0,.,.,.,Banker,5,1,1,0,1,0,1,2,4,1,3
Jay Byars,25,24,10,25,5,4,1,10,4,5,13,0.8,80,0.307692308,30.7692308,0,1,1,0,0,0,.,.,.,Model,19,0,0,1,2,0,0,2,4,1,2
Leif MAnson,27,24,9,27,5,2,0,5,4,7,13,0.571428571,57.1428571,0.307692308,30.7692308,0,1,1,0,0,0,.,.,.,Phlebotomist,25,0,0,1,1,0,1,3,4,1,2
Troyzan Robertson,50,24,8,30,6,5,2,11,4,7,13,0.571428571,57.1428571,0.307692308,30.7692308,1,1,1,0,0,0,.,.,.,Photographer,4,1,1,0,2,0,0,2,2,1,5
Kat Edorsson,22,24,7,33,7,3,0,8,5,7,13,0.714285714,71.4285714,0.384615385,38.4615385,0,1,1,0,0,0,.,.,.,TimeshareRepresentat,33,0,0,1,1,0,1,2,4,0,2
Tarzan Smith,64,24,6,36,12,2,0,5,7,10,13,0.7,70,0.538461538,53.8461538,0,1,1,0,0,0,.,.,.,PlasticSurgeon,25,.,0,0,1,0,1,1,2,1,6
Alicia Rosa,25,24,5,37,5,3,1,6,7,10,13,0.7,70,0.538461538,53.8461538,0,1,1,0,0,0,.,.,.,SpecialEducationTeac,10,0,0,1,1,0,1,1,4,0,2
Christina Cha,29,24,4,38,9,2,0,5,5,11,13,0.454545455,45.4545455,0.384615385,38.4615385,0,1,1,0,0,0,.,.,.,CareerConsultant,13,1,1,0,1,0,1,2,4,0,2
Chelsea Meissner,26,24,3,39,4,4,1,9,9,10,13,0.9,90,0.692307692,69.2307692,0,1,0,1,1,0,0,0,0,MedicalSales,33,1,1,0,1,0,1,2,4,0,2
Sabrina Thompson,33,24,2,39,2,3,0,8,9,10,13,0.9,90,0.692307692,69.2307692,1,1,0,1,1,0,2,0.222222222,22.2222222,HighSchoolTeacher,10,0,0,1,1,0,1,1,3,0,3
Kim Spradlin,29,24,1,39,3,7,4,12,9,10,13,0.9,90,0.692307692,69.2307692,1,1,0,1,0,1,7,0.777777778,77.7777778,BridalShopOwner,21,1,1,0,1,0,1,1,4,0,2
Zane Knight,28,25,18,3,5,0,0,0,0,1,14,0,0,0,0,0,0,0,0,0,0,.,.,.,TireRepair,27,1,1,0,3,1,0,3,4,1,2
Roxanne Morris,28,25,17,6,4,0,0,0,1,2,14,0.5,50,0.071428571,7.1428571,0,0,0,0,0,0,.,.,.,SeminaryStudent,41,1,1,0,2,0,0,2,4,0,2
Angie Layton,20,25,16,8,4,0,0,0,2,3,14,0.666666667,66.6666667,0.142857143,14.2857143,0,0,0,0,0,0,.,.,.,Student,41,0,0,1,1,0,1,2,4,0,2
2Russell Swan,45,25,15,10,4,0,0,0,3,4,14,0.75,75,0.214285714,21.4285714,0,0,0,0,0,0,.,.,.,Attorney,18,0,0,1,1,0,1,3,3,1,4
Dana Labert,32,25,14,12,0,4,0,4,.,0,14,.,.,.,.,0,0,0,0,0,0,.,.,.,Cosmetologist,4,0,0,1,2,0,0,2,3,0,3
Sarah Dawson,28,25,13,13,5,4,0,4,0,1,14,0,0,0,0,0,0,0,0,0,0,.,.,.,InsuranceSales,33,0,0,1,1,0,1,1,4,0,2
Katie Hanson,22,25,12,16,4,4,0,5,1,2,14,0.5,50,0.071428571,7.1428571,0,0,0,0,0,0,.,.,.,FormerMilssDelaware,19,0,0,1,2,0,0,2,4,0,2
RC Saint Amour,27,25,11,19,4,6,0,7,0,1,14,0,0,0,0,0,1,1,0,0,0,.,.,.,InvestmentBanker,5,1,1,0,1,0,1,1,4,0,2
Jeff Kent,44,25,10,22,5,4,0,6,3,4,14,0.75,75,0.214285714,21.4285714,0,1,1,0,0,0,.,.,.,RetiredBaseballPlaye,36,1,1,0,1,0,1,3,3,1,4
Artis Silverster,53,25,9,25,5,6,0,7,2,3,14,0.666666667,66.6666667,0.142857143,14.2857143,0,1,1,0,0,0,.,.,.,ComputerEngineer,8,1,1,0,1,0,1,1,2,1,5
Pete Yurkowski,24,25,8,27,9,6,0,8,2,4,14,0.5,50,0.142857143,14.2857143,0,1,1,0,0,0,.,.,.,EngineeringGraduate,11,1,1,0,1,0,1,1,4,1,2
3Jonathan Penner,50,25,7,30,14,5,1,8,4,7,14,0.571428571,57.1428571,0.285714286,28.5714286,1,1,1,0,0,0,.,.,.,Writer,20,0,0,1,2,0,0,1,2,1,5
Carter Williams,24,25,6,33,5,6,2,9,5,8,14,0.625,62.5,0.357142857,35.7142857,0,1,1,0,0,0,.,.,.,TrackCoach,10,0,0,1,2,0,0,3,4,1,2
AbiMaria Gomes,32,25,5,36,9,7,1,9,2,7,14,0.285714286,28.5714286,0.142857143,14.2857143,1,1,1,0,0,0,.,.,.,BusinessStudent,41,1,1,0,1,0,1,2,3,0,3
Malcolm Freberg,25,25,4,38,6,4,2,10,9,12,14,0.75,75,0.642857143,64.2857143,1,1,1,0,0,0,.,.,.,Bartender,15,1,1,0,2,0,0,3,4,1,2
Lisa Whelchel,49,25,2,39,0,6,0,8,5,8,14,0.625,62.5,0.357142857,35.7142857,0,1,0,1,1,0,1,0.125,12.5,FormerTVStar,19,1,1,0,2,0,0,2,2,0,4
2Michael Skupin,50,25,2,39,0,8,2,10,6,8,14,0.75,75,0.428571429,42.8571429,0,1,0,1,1,0,1,0.125,12.5,PartTimeMotivational,19,0,0,1,2,0,0,3,2,1,5
Denise Stapley,41,25,1,39,6,1,1,4,11,14,14,0.785714286,78.5714286,0.785714286,78.5714286,1,1,0,1,0,1,6,0.75,75,SexTherapist,35,1,1,0,1,0,1,1,3,0,4
2Francesca Hogi,38,26,20,3,6,1,0,0,0,1,15,0,0,0,0,0,0,0,0,0,0,.,.,.,Attorney,18,0,0,1,1,0,1,1,3,0,3
Allie Pohevitz,25,26,19,5,6,1,0,1,0,1,15,0,0,0,0,0,0,0,0,0,0,.,.,.,Bartender,15,1,1,0,2,0,0,2,4,0,2
Hope Driskill,23,26,18,7,8,1,0,1,0,2,15,0,0,0,0,0,0,0,0,0,0,.,.,.,PreLawStudent,41,0,0,1,1,0,1,2,4,0,2
Shamar Thomas,27,26,17,10,8,1,0,1,1,2,15,0.5,50,0.066666667,6.6666667,0,0,0,0,0,0,.,.,.,IrawWarVeteran,26,0,0,1,3,1,0,3,4,1,2
Laura Alexander,23,26,16,10,6,1,0,1,2,3,15,0.666666667,66.6666667,0.133333333,13.3333333,0,0,0,0,0,0,.,.,.,AdministrativeOffice,1,1,1,0,1,0,1,1,4,0,2
2Brandon Hantz,20,26,15,13,8,3,0,6,0,2,15,0,0,0,0,0,0,0,0,0,0,.,.,.,OilTankerCrewman,22,0,0,1,3,1,0,3,4,1,2
Matt Bischoff,38,26,14,16,4,2,0,1,2,4,15,0.5,50,0.133333333,13.3333333,0,0,0,0,0,0,.,.,.,BMXBikeSales,33,1,1,0,2,0,0,3,3,1,3
Julia Landauer,21,26,13,19,9,2,0,1,3,5,15,0.6,60,0.2,20,0,0,0,0,0,0,.,.,.,RacecarDriver,39,0,0,1,2,0,0,2,4,0,2
2Corrine Kaplan,33,26,12,22,7,3,0,6,4,5,15,0.8,80,0.266666667,26.6666667,1,1,0,0,0,0,.,.,.,ClinicalConsultant,25,0,0,1,1,0,1,2,3,0,3
Michael Snow,44,26,11,25,10,2,0,2,2,7,15,0.285714286,28.5714286,0.133333333,13.3333333,0,1,1,0,0,0,.,.,.,EventPlanner,15,1,1,0,2,0,0,1,2,1,4
2Phillip Sheppard,54,26,10,28,5,3,0,7,5,7,15,0.714285714,71.4285714,0.333333333,33.3333333,0,1,1,0,0,0,.,.,.,FormerFederalAgent,26,0,0,1,3,1,0,1,2,1,5
2Malcolm Freberg,25,26,9,30,11,5,0,9,3,6,15,0.5,50,0.2,20,2,1,1,0,0,0,.,.,.,Bartender,15,0,0,1,2,0,0,3,4,1,2
Reynold Toepfer,30,26,8,31,9,5,1,7,2,8,15,0.25,25,0.133333333,13.3333333,2,1,1,0,0,0,.,.,.,RealEstateSales,31,0,0,1,1,0,1,2,4,1,3
2Andrea Boehlke,23,26,7,33,13,6,1,10,6,8,15,0.75,75,0.4,40,1,1,1,0,0,0,.,.,.,EntertainmentHostWri,20,0,0,1,2,0,0,2,4,0,2
2Brenda Lowe,29,26,6,36,5,6,1,11,5,9,15,0.555555556,55.5555556,0.333333333,33.3333333,0,1,1,0,0,0,.,.,.,PaddleboatCompanyOwn,21,0,0,1,1,0,1,2,4,0,2
2Erik Reichenbach,27,26,5,36,2,6,1,12,6,9,15,0.666666667,66.6666667,0.4,40,1,1,1,0,0,0,.,.,.,ComicBookArtist,4,0,0,1,2,0,0,1,4,1,2
Eddie Fox,23,26,4,38,16,4,0,5,2,11,15,0.181818182,18.1818182,0.133333333,13.3333333,0,1,1,0,0,0,.,.,.,Fireman/EMT,6,0,0,1,3,1,0,3,4,1,2
2Dawn Meehan,41,26,2,39,2,4,1,8,9,12,15,0.75,75,0.6,60,0,1,0,1,1,0,0,0,0,EnglishProfessor,10,0,0,1,1,0,1,1,3,0,4
Sherri Biethman,41,26,2,39,6,4,0,4,9,11,15,0.818181818,81.8181818,0.6,60,0,1,0,1,1,0,0,0,0,FastFoodFranchisee,21,1,1,0,1,0,1,1,3,0,4
2John Cochran,25,26,1,39,0,6,3,12,8,12,15,0.666666667,66.6666667,0.533333333,53.3333333,0,1,0,1,0,1,8,1,100,HarvardLawStudent,41,0,0,1,1,0,1,1,4,1,2
4Rupert Boneham,49,27,20,4,0,0,0,0,0,1,20,0,0,0,0,0,0,0,0,0,0,.,.,.,TroubledTeensMentor,35,0,0,1,2,0,0,3,3,1,4
2Colton Cumbie,22,27,19,7,0,2,0,2,1,1,20,1,100,0.05,5,0,0,0,0,0,0,.,.,.,Student,41,0,0,1,1,0,1,2,4,1,2
Rachel Foulger,33,27,18,7,5,0,0,0,1,3,20,0.333333333,33.3333333,0.05,5,0,0,0,0,0,0,.,.,.,CocktailWaitress,15,.,0,0,2,0,0,2,3,0,3
Marissa Peterson,21,27,17,9,10,0,0,2,0,2,20,0,0,0,0,0,0,0,0,0,0,.,.,.,Student,41,.,0,0,2,0,0,1,4,0,2
3Candice Cody,30,27,16,11,6,0,0,3,0,1,20,0,0,0,0,0,0,0,0,0,0,.,.,.,Physician,40,0,0,1,1,0,1,1,4,0,3
Brad Culpepper,44,27,15,14,7,0,0,1,4,5,20,0.8,80,0.2,20,0,0,0,0,0,0,.,.,.,FormerNFLPlayer,36,.,0,0,1,0,1,3,3,1,4
2Kat Edorsson,23,27,14,17,5,4,0,4,2,3,20,0.666666667,66.6666667,0.1,10,0,0,0,0,0,0,.,.,.,FullTimeStudent,41,0,0,1,1,0,1,2,4,0,2
John Cody,30,27,13,19,8,0,0,4,3,4,20,0.75,75,0.15,15,0,0,0,0,0,0,.,.,.,Physician,40,.,0,0,1,0,1,1,4,1,3
Laura Boneham,44,27,12,19,11,4,0,4,2,4,20,0.5,50,0.1,10,0,0,0,0,0,0,.,.,.,Merchandiser,33,.,0,0,1,0,1,3,3,0,4
2Aras Baskouskas,31,27,11,25,7,6,0,6,1,3,20,0.333333333,33.3333333,0.05,5,0,1,1,0,0,0,.,.,.,Musician,28,0,0,1,2,0,0,2,4,1,3
Vytas Baskouskas,33,27,10,27,10,2,1,3,6,9,20,0.666666667,66.6666667,0.3,30,0,1,1,0,0,0,.,.,.,YogaInstructor,41,.,0,0,2,0,0,2,3,1,3
Caleb Bankston,26,27,9,30,4,3,0,3,9,10,20,0.9,90,0.45,45,0,1,1,0,0,0,.,.,.,PostOfficeManager,6,.,0,0,3,1,0,3,4,1,2
Katie Collins,25,27,8,33,4,2,1,2,7,13,20,0.538461538,53.8461538,0.35,35,0,1,1,0,0,0,.,.,.,HedgeFundSupport,5,.,0,0,1,0,1,1,4,0,2
Hayden Moss,27,27,7,36,8,3,0,3,8,12,20,0.666666667,66.6666667,0.4,40,0,1,1,0,0,0,.,.,.,RealEstate,31,.,0,0,1,0,1,3,4,1,2
2Laura Morett,43,27,6,36,19,4,0,10,4,6,20,0.666666667,66.6666667,0.2,20,0,1,1,0,0,0,.,.,.,FitnessInstructor,12,0,0,1,2,0,0,3,3,0,4
Ciera Eastin,24,27,5,37,14,4,1,4,8,13,20,0.615384615,61.5384615,0.4,40,0,1,1,0,0,0,.,.,.,CosmetologyStudent,41,.,0,0,1,0,1,1,4,0,2
3Tina Wesson,52,27,4,38,10,4,0,9,5,9,20,0.555555556,55.5555556,0.25,25,0,1,1,0,0,0,.,.,.,MotivationalSpeaker,19,0,0,1,2,0,0,1,2,0,5
2Gervase Peterson,43,27,3,39,6,7,1,7,10,11,20,0.909090909,90.9090909,0.5,50,0,1,0,1,1,0,0,0,0,CigarLoungeOwner,21,0,0,1,1,0,1,3,3,1,4
2Monica Culpepper,42,27,2,39,6,7,3,7,12,13,20,0.923076923,92.3076923,0.6,60,0,1,0,1,1,0,1,0.125,12.5,Homemaker,14,0,0,1,2,0,0,3,3,0,4
3Tyson Apostol,34,27,1,39,2,8,2,8,9,11,20,0.818181818,81.8181818,0.45,45,2,1,0,1,0,1,7,0.875,87.5,ShopManager,21,0,0,1,2,0,0,3,3,1,3
David Samson,45,28,18,3,4,0,0,0,0,1,14,0,0,0,0,0,0,0,0,0,0,.,.,.,MiamiMarlinsPresiden,21,1,1,0,1,0,1,1,3,1,4
Garrett ADelstein,27,28,17,6,3,0,0,0,1,2,14,0.5,50,0.071428571,7.1428571,1,0,0,0,0,0,.,.,.,ProPokerPlayer,19,0,0,1,2,0,0,1,4,1,2
Brice Johnston,27,28,16,8,5,2,0,2,0,1,14,0,0,0,0,0,0,0,0,0,0,.,.,.,SocialWorker,35,1,1,0,1,0,1,2,4,1,2
Jtia Taylor,31,28,15,11,7,1,0,1,2,3,14,0.666666667,66.6666667,0.142857143,14.2857143,0,0,0,0,0,0,.,.,.,NuclearEngineer,34,1,1,0,1,0,1,1,4,0,3
Cliff Robinson,46,28,14,14,4,4,0,6,0,1,14,0,0,0,0,0,0,0,0,0,0,.,.,.,FormerNBAAllStar,36,0,0,1,1,0,1,3,3,1,4
Lindsey Ogle,29,28,13,14,0,4,0,6,0,1,14,0,0,0,0,0,0,0,0,0,0,.,.,.,Hairstylist,4,0,0,1,2,0,0,3,4,0,2
Alexis Maxwell,21,28,12,16,8,4,0,5,1,2,14,0.5,50,0.071428571,7.1428571,0,0,0,0,0,0,.,.,.,Student,41,1,1,0,1,0,1,2,4,0,2
Sarah Lacina,29,28,11,19,6,5,0,6,1,2,14,0.5,50,0.071428571,7.1428571,0,1,1,0,0,0,.,.,.,PoliceOfficer,18,1,1,0,3,1,0,3,4,0,2
Morgan McLeod,21,28,10,22,8,4,0,6,1,4,14,0.25,25,0.071428571,7.1428571,0,1,1,0,0,0,.,.,.,ExNFLCheerleader,19,1,1,0,2,0,0,2,4,0,2
LJ McKansas,34,28,9,25,8,4,0,8,3,5,14,0.6,60,0.214285714,21.4285714,1,1,1,0,0,0,.,.,.,HorseTrainer,3,1,1,0,2,0,0,2,3,1,3
Jeremiah Wood,34,28,8,28,9,4,0,8,2,6,14,0.333333333,33.3333333,0.142857143,14.2857143,0,1,1,0,0,0,.,.,.,MaleModel,19,0,0,1,2,0,0,2,3,1,3
Jefra Bland,22,28,7,30,9,4,0,9,5,7,14,0.714285714,71.4285714,0.357142857,35.7142857,0,1,1,0,0,0,.,.,.,PageantWinner,19,1,1,0,2,0,0,2,4,0,2
Tasha Fox,37,28,6,33,4,5,3,6,6,10,14,0.6,60,0.428571429,42.8571429,0,1,1,0,0,0,.,.,.,Accountant,5,1,1,0,1,0,1,1,3,0,3
Trish Hegarty,48,28,5,36,5,5,0,8,5,8,14,0.625,62.5,0.357142857,35.7142857,0,1,1,0,0,0,.,.,.,PilatesTrainer,12,1,1,0,2,0,0,3,2,0,4
Spencer Bledsoe,21,28,4,37,8,5,3,9,6,12,14,0.5,50,0.428571429,42.8571429,1,1,1,0,0,0,.,.,.,EconomicsStudent,41,1,1,0,1,0,1,1,4,1,2
Kass McQuillen,41,28,3,38,2,3,1,4,9,12,14,0.75,75,0.642857143,64.2857143,0,1,1,0,0,0,.,.,.,Attorney,18,1,1,0,1,0,1,1,3,0,4
Woo Hwang,29,28,2,39,4,7,2,11,8,9,14,0.888888889,88.8888889,0.571428571,57.1428571,0,1,0,1,1,0,1,0.111111111,11.1111111,MartialArtsInstructo,19,0,0,1,3,1,0,3,4,1,2
Tony Vlachos,39,28,1,39,5,5,0,10,9,9,14,1,100,0.642857143,64.2857143,3,1,0,1,0,1,8,0.888888889,88.8888889,Police,17,1,1,0,3,1,0,3,3,1,3
Nadiya Anderson,28,29,18,3,5,0,0,0,0,1,14,0,0,0,0,0,0,0,0,0,0,.,.,.,CrossfitCoach,12,0,0,1,2,0,0,3,4,0,2
Val Collins,35,29,17,6,9,0,0,0,0,2,14,0,0,0,0,0,0,0,0,0,0,.,.,.,PoliceOfficer,17,.,0,0,3,1,0,3,3,0,3
John Rocker,39,29,16,8,5,0,0,0,1,3,14,0.333333333,33.3333333,0.071428571,7.1428571,1,0,0,0,0,0,.,.,.,FormerMLBPlayer,36,0,0,1,1,0,1,3,3,1,3
Drew Christy,25,29,15,10,5,3,0,6,0,1,14,0,0,0,0,0,0,0,0,0,0,.,.,.,TravelSalesRepresent,33,0,0,1,2,0,0,2,4,1,2
Kelley Wentworth,28,29,14,13,4,3,0,6,1,2,14,0.5,50,0.071428571,7.1428571,0,0,0,0,0,0,.,.,.,MarketingManager,2,0.5,0,0,1,0,1,1,4,0,2
Dale Wentworth,55,29,13,15,8,1,0,2,2,5,14,0.4,40,0.142857143,14.2857143,0,0,0,0,0,0,.,.,.,Farmer,3,0.5,0,0,3,1,0,3,2,1,5
Julie McGee,34,29,12,18,2,5,0,9,1,1,14,1,100,0.071428571,7.1428571,0,1,0,0,0,0,.,.,.,OwnerofSprayTanBusin,21,.,0,0,1,0,1,2,3,0,3
Josh Canfield,32,29,11,21,6,3,0,5,2,4,14,0.5,50,0.142857143,14.2857143,0,1,1,0,0,0,.,.,.,Singer,19,.,0,0,2,0,0,2,4,1,3
Jeremy Collins,36,29,10,24,5,6,1,12,2,3,14,0.666666667,66.6666667,0.142857143,14.2857143,0,1,1,0,0,0,.,.,.,Firefighter,6,1,1,0,3,1,0,3,3,1,3
Wes Nale,23,29,9,26,2,3,0,6,3,6,14,0.5,50,0.214285714,21.4285714,0,1,1,0,0,0,.,.,.,Firefighter,6,1,1,0,3,1,0,3,4,1,2
Reed Kelly,31,29,8,29,10,6,1,13,1,5,14,0.2,20,0.071428571,7.1428571,0,1,1,0,0,0,.,.,.,Model,19,1,1,0,2,0,0,2,4,1,3
Alec Christy,22,29,7,32,4,3,0,7,3,8,14,0.375,37.5,0.214285714,21.4285714,0,1,1,0,0,0,.,.,.,Student,41,.,0,0,1,0,1,2,4,1,2
Jon Misch,26,29,6,35,8,4,1,9,5,9,14,0.555555556,55.5555556,0.357142857,35.7142857,2,1,1,0,0,0,.,.,.,FinancialAssistant,5,.,0,0,1,0,1,1,4,1,2
Baylor Wilson,20,29,5,37,17,2,1,4,8,12,14,0.666666667,66.6666667,0.571428571,57.1428571,1,1,1,0,0,0,.,.,.,Student,41,0.5,0,0,1,0,1,1,4,0,2
Keith Nale,53,29,4,38,16,5,2,12,4,11,14,0.363636364,36.3636364,0.285714286,28.5714286,1,1,1,0,0,0,.,.,.,FireCaptain,6,.,0,0,3,1,0,3,2,1,5
Missy Payne,47,29,3,39,3,3,0,8,7,11,14,0.636363636,63.6363636,0.5,50,0,1,0,1,1,0,1,0.125,12.5,GymOwner,21,.,0,0,1,0,1,1,3,0,4
Jaclyn Schultz,25,29,2,39,6,2,1,4,9,13,14,0.692307692,69.2307692,0.642857143,64.2857143,0,1,0,1,1,0,2,0.25,25,MediaBuyer,33,1,1,0,1,0,1,2,4,0,2
Natalie Anderson,28,29,1,39,0,6,1,13,7,9,14,0.777777778,77.7777778,0.5,50,1,1,0,1,0,1,5,0.625,62.5,CrossfitCoach,12,0,0,1,2,0,0,3,4,0,2
So Kim,31,30,18,3,4,0,0,0,0,1,15,0,0,0,0,0,0,0,0,0,0,.,.,.,RetailBuyer,33,1,1,0,1,0,1,1,4,0,3
Vince Sly,32,30,17,6,3,1,0,1,0,1,15,0,0,0,0,0,0,0,0,0,0,.,.,.,CoconutVendor,33,0,0,1,2,0,0,2,4,1,3
Nina Poersch,51,30,16,8,4,1,0,1,0,2,15,0,0,0,0,0,0,0,0,0,0,.,.,.,HearingAdvocate,35,0,0,1,2,0,0,2,2,0,5
Lindsey Cascaddan,24,30,15,11,5,3,0,3,0,1,15,0,0,0,0,0,0,0,0,0,0,.,.,.,Hairdresser,4,.,0,0,3,1,0,3,4,0,2
Max Dawson,37,30,14,14,5,3,0,4,1,2,15,0.5,50,0.066666667,6.6666667,0,0,0,0,0,0,.,.,.,MediaConsultant,10,0,0,1,1,0,1,1,3,1,3
Joaquin Souberbielle,27,30,13,15,4,4,0,6,0,2,15,0,0,0,0,0,0,0,0,0,0,.,.,.,MarketingDirector,5,0,0,1,1,0,1,1,4,1,2
Kelly Remington,44,30,12,19,4,4,0,5,1,3,15,0.333333333,33.3333333,0.066666667,6.6666667,0,1,0,0,0,0,.,.,.,StateTrooper,17,0,0,1,3,1,0,3,3,0,4
Hali Ford,25,30,11,22,8,3,0,5,3,5,15,0.6,60,0.2,20,0,1,1,0,0,0,.,.,.,LawStudent,41,1,1,0,2,0,0,2,4,0,2
Joe Anglim,25,30,10,24,8,5,2,8,3,6,15,0.5,50,0.2,20,0,1,1,0,0,0,.,.,.,JewelryDesigner,4,1,1,0,2,0,0,2,4,1,2
Jenn Brown,22,30,9,27,18,3,0,5,4,7,15,0.571428571,57.1428571,0.266666667,26.6666667,1,1,1,0,0,0,.,.,.,SailingInstructor,19,1,1,0,2,0,0,2,4,0,2
Shirin Oskooi,31,30,8,29,7,4,0,7,4,7,15,0.571428571,57.1428571,0.266666667,26.6666667,0,1,1,0,0,0,.,.,.,YahooExecutive,21,1,1,0,1,0,1,1,4,0,3
Tyler Fredrickson,33,30,7,32,5,5,1,9,3,8,15,0.375,37.5,0.2,20,0,1,1,0,0,0,.,.,.,ExTalentAgentConsult,13,1,1,0,1,0,1,1,4,1,3
Dan Foley,47,30,6,35,9,4,0,7,5,9,15,0.555555556,55.5555556,0.333333333,33.3333333,0,1,1,0,0,0,.,.,.,PostalWorker,6,1,1,0,3,1,0,3,3,1,4
Sierra Thomas,27,30,5,37,6,4,0,7,5,10,15,0.5,50,0.333333333,33.3333333,0,1,1,0,0,0,.,.,.,BarrelRacer,36,.,0,0,3,1,0,3,4,0,2
Rodney Lavoie Jr,24,30,4,38,5,4,0,5,4,11,15,0.363636364,36.3636364,0.266666667,26.6666667,0,1,1,0,0,0,.,.,.,GeneralContractor,8,0,0,1,3,1,0,3,4,1,2
Carolyn Rivera,52,30,3,39,10,6,2,11,9,11,15,0.818181818,81.8181818,0.6,60,1,1,0,1,1,0,1,0.125,12.5,CorporateExecutive,21,1,1,0,1,0,1,1,2,0,5
Will Sims II,41,30,2,39,4,3,0,7,6,12,15,0.5,50,0.4,40,0,1,0,1,1,0,1,0.125,12.5,YoutubeSensation,19,0,0,1,2,0,0,2,3,1,4
Mike Holloway,38,30,1,39,4,9,5,14,9,11,15,0.818181818,81.8181818,0.6,60,1,1,0,1,0,1,6,0.75,75,OilDriller,22,1,1,0,3,1,0,3,3,1,3
2Vytas Baskauskas,35,31,20,3,6,0,0,1,0,1,16,0,0,0,0,0,0,0,0,0,0,.,.,.,YogaInstructer,10,0,0,1,2,0,0,2,3,1,3
2Shirin Oskooi,32,31,19,6,5,0,0,1,1,2,16,0.5,50,0.0625,6.25,0,0,0,0,0,0,.,.,.,YahooExecutive,21,0,0,1,1,0,1,1,4,0,3
2PeihGee Law,37,31,18,9,4,0,0,1,2,3,16,0.666666667,66.6666667,0.125,12.5,0,0,0,0,0,0,.,.,.,Jeweler,4,0,0,1,2,0,0,1,3,0,3
2Jeff Varner,49,31,17,11,4,0,0,2,3,4,16,0.75,75,0.1875,18.75,0,0,0,0,0,0,.,.,.,InternetProjectsMana,8,0,0,1,1,0,1,2,3,1,4
2Monica Padilla,30,31,16,13,3,4,0,4,0,1,16,0,0,0,0,0,0,0,0,0,0,.,.,.,LawStudent,41,0,0,1,2,0,0,1,4,0,3
2Terry Deitz,55,31,15,13,0,3,0,6,0,2,16,0,0,0,0,0,0,0,0,0,0,.,.,.,Pilot,26,0,0,1,3,1,0,3,2,1,5
2Woo Hwang,31,31,14,16,5,1,0,5,2,5,16,0.4,40,0.125,12.5,0,0,0,0,0,0,.,.,.,MartialArtsInstructo,10,0,0,1,3,1,0,3,4,1,3
2Kass McQuillen,43,31,13,19,6,5,0,8,1,2,16,0.5,50,0.0625,6.25,0,1,1,0,0,0,.,.,.,Attorney,18,0,0,1,1,0,1,1,3,0,4
2Andrew Savage,51,31,12,21,4,3,0,6,3,5,16,0.6,60,0.1875,18.75,0,1,1,0,0,0,.,.,.,Attorney,18,0,0,1,1,0,1,1,2,1,5
2Kelly Wiglesworth,37,31,11,24,8,2,0,5,1,7,16,0.142857143,14.2857143,0.0625,6.25,0,1,1,0,0,0,.,.,.,River Guide,29,0,0,1,2,0,0,2,3,0,3
2Ciera Eastin,26,31,10,26,10,5,0,11,3,5,16,0.6,60,0.1875,18.75,0,1,1,0,0,0,.,.,.,CosmetologyStudent,41,0,0,1,1,0,1,1,4,0,2
2Stephen Fischbach,36,31,9,29,9,5,0,7,4,6,16,0.666666667,66.6666667,0.25,25,0,1,1,0,0,0,.,.,.,CorporateConsultant,13,0,0,1,1,0,1,1,3,1,3
2Joe Anglim,26,31,8,32,8,10,4,15,0,5,16,0,0,0,0,0,1,1,0,0,0,.,.,.,JewelryDesigner,4,0,0,1,2,0,0,2,4,1,2
2AbiMaria Gomes,35,31,7,35,14,1,0,6,8,12,16,0.666666667,66.6666667,0.5,50,0,1,1,0,0,0,.,.,.,BusinessStudent,41,0,0,1,1,0,1,2,3,0,3
2Kimmi Kappenberg,42,31,6,36,9,5,0,6,5,9,16,0.555555556,55.5555556,0.3125,31.25,0,1,1,0,0,0,.,.,.,Bartender,15,0,0,1,2,0,0,2,3,0,4
2Keith Nale,54,31,5,37,4,7,1,11,2,9,16,0.222222222,22.2222222,0.125,12.5,0,1,1,0,0,0,.,.,.,FireCaptain,6,0,0,1,3,1,0,3,2,1,5
2Kelley Wentworth,29,31,4,38,17,6,2,11,6,12,16,0.5,50,0.375,37.5,2,1,1,0,0,0,.,.,.,MarketingManager,5,0,0,1,1,0,1,1,4,0,2
2Spencer Bledsoe,23,31,2,39,11,5,3,9,10,14,16,0.714285714,71.4285714,0.625,62.5,0,1,0,1,1,0,0,0,0,EconomicsStudent,41,0,0,1,1,0,1,1,4,1,2
2Tasha Fox,39,31,2,39,8,4,0,8,8,12,16,0.666666667,66.6666667,0.5,50,0,1,0,1,1,0,0,0,0,Accountant,5,0,0,1,1,0,1,1,3,0,3
2Jeremy Collins,37,31,1,39,3,6,1,6,8,11,16,0.727272727,72.7272727,0.5,50,2,1,0,1,0,1,10,1,100,Firefighter,6,0,0,1,3,1,0,3,3,1,3
Darnell Hamilton,27,32,18,3,7,0,0,0,0,1,12,0,0,0,0,0,0,0,0,0,0,.,.,.,PostalWorker,6,1,1,0,3,1,0,3,4,1,2
Jennifer Lanzetti,38,32,17,6,3,0,0,0,1,2,12,0.5,50,0.083333333,8.3333333,0,0,0,0,0,0,.,.,.,Contractor,7,1,1,0,3,1,0,3,3,0,3
Liz Markham,27,32,16,8,5,2,0,2,0,1,12,0,0,0,0,0,0,0,0,0,0,.,.,.,QuantitativeStrategi,2,0,0,1,1,0,1,1,4,0,2
Caleb Reynolds,28,32,15,9,0,3,0,4,.,0,12,.,.,.,.,0,0,0,0,0,0,.,.,.,ArmyVeteran,26,0,0,1,3,1,0,2,4,1,2
Alecia Holden,24,32,14,11,8,1,0,1,2,3,12,0.666666667,66.6666667,0.166666667,16.6666667,0,0,0,0,0,0,.,.,.,RealEstateAgent,31,1,1,0,1,0,1,3,4,0,2
Anna Khait,26,32,13,13,5,4,0,5,0,1,12,0,0,0,0,0,0,0,0,0,0,.,.,.,ProfessionalPokerPla,19,1,1,0,2,0,0,2,4,0,2
Peter Baggenstos,34,32,12,16,7,3,0,5,1,3,12,0.333333333,33.3333333,0.083333333,8.3333333,0,0,0,0,0,0,.,.,.,ERDoctor,40,1,1,0,1,0,1,1,3,1,3
Neal Gottlieb,38,32,11,19,0,5,0,6,0,1,12,0,0,0,0,1,1,0,0,0,0,.,.,.,IceCreamEntrepeneur,21,1,1,0,1,0,1,1,3,1,3
Nick Maiorano,30,32,10,22,6,6,0,9,0,1,12,0,0,0,0,0,1,1,0,0,0,.,.,.,PersonalTrainer,12,1,1,0,2,0,0,2,4,1,3
Debbie Wanner,49,32,9,24,4,5,0,7,2,3,12,0.666666667,66.6666667,0.166666667,16.6666667,0,1,1,0,0,0,.,.,.,Chemist,34,1,1,0,1,0,1,1,3,0,4
Scot Pollard,40,32,8,27,7,1,0,4,4,8,12,0.5,50,0.333333333,33.3333333,1,1,1,0,0,0,.,.,.,FormerNBAChampion,36,0,0,1,1,0,1,3,3,1,4
Julia Sokolowski,19,32,7,29,7,5,1,10,3,5,12,0.6,60,0.25,25,0,1,1,0,0,0,.,.,.,CollegeStudent,41,1,1,0,1,0,1,2,4,0,1
Kyle Jason,31,32,6,32,5,4,1,6,2,8,12,0.25,25,0.166666667,16.6666667,1,1,1,0,0,0,.,.,.,BountyHunter,17,1,1,0,3,1,0,3,4,1,3
Joe delCampo,72,32,5,24,1,3,0,6,6,8,12,0.75,75,0.5,50,0,1,1,0,0,0,.,.,.,FormerFBIAgent,26,1,1,0,3,1,0,1,1,1,7
Cydney Gillon,23,32,4,37,5,4,1,5,7,9,12,0.777777778,77.7777778,0.583333333,58.3333333,0,1,1,0,0,0,.,.,.,Bodybuilder,36,.,0,0,3,1,0,3,4,0,2
Tai Trang,51,32,3,39,4,5,1,11,5,8,12,0.625,62.5,0.416666667,41.6666667,1,1,0,1,1,0,0,0,0,Gardener,3,0.5,0,0,2,0,0,2,3,1,5
Aubry Bracco,29,32,2,39,6,3,0,6,8,9,12,0.888888889,88.8888889,0.666666667,66.6666667,0,1,0,1,1,0,2,0.285714286,28.5714286,SocialMediaMarketer,2,1,1,0,1,0,1,1,4,0,2
Michele Fitzgerald,24,32,1,39,2,8,2,13,4,6,12,0.666666667,66.6666667,0.333333333,33.3333333,0,1,0,1,0,1,5,0.714285714,71.4285714,Bartender,15,1,1,0,2,0,0,2,4,0,2
Rachel Ako,37,33,20,4,5,0,0,0,0,1,16,0,0,0,0,0,0,0,0,0,0,.,.,.,RecruitingDirector,13,1,1,0,1,0,1,1,3,0,3
Mari Takahashi,31,33,19,7,7,1,0,1,0,1,16,0,0,0,0,0,0,0,0,0,0,.,.,.,ProfessionalGamer,19,0,0,1,2,0,0,1,4,0,3
Paul Wachter,52,33,18,10,6,1,0,1,1,2,16,0.5,50,0.0625,6.25,0,0,0,0,0,0,.,.,.,BoatMechanic,27,0,0,1,3,1,0,3,3,1,5
Lucy Huang,42,33,17,12,2,1,0,2,1,3,16,0.333333333,33.3333333,0.0625,6.25,0,0,0,0,0,0,.,.,.,Dietician,12,1,1,0,1,0,1,3,3,0,4
CeCe Taylor,39,33,16,15,11,1,0,2,2,4,16,0.5,50,0.125,12.5,0,0,0,0,0,0,.,.,.,InsuranceAdjuster,16,1,1,0,1,0,1,1,3,0,3
Figgy Figueroa,23,33,15,18,6,4,0,4,1,2,16,0.5,50,0.0625,6.25,0,0,0,0,0,0,.,.,.,Bartender,15,1,1,0,2,0,0,2,4,0,2
Michaela Bradshaw,25,33,14,20,4,5,0,7,1,2,16,0.5,50,0.0625,6.25,0,0,0,0,0,0,.,.,.,VacationClubSales,33,1,1,0,1,0,1,1,4,0,2
Michelle Schubert,28,33,13,23,10,5,0,7,2,3,16,0.666666667,66.6666667,0.125,12.5,0,1,1,0,0,0,.,.,.,MissionaryRecruiter,13,1,1,0,2,0,0,2,4,0,2
Taylor Stockner,24,33,12,25,7,5,0,6,1,4,16,0.25,25,0.0625,6.25,0,1,1,0,0,0,.,.,.,SnowboardingInstruct,10,1,1,0,2,0,0,2,4,1,2
Chris Hammons,38,33,11,28,7,3,0,7,4,7,16,0.571428571,57.1428571,0.25,25,0,1,1,0,0,0,.,.,.,TrialLaywer,18,1,1,0,1,0,1,1,3,1,3
Jessia Lewis,37,33,10,30,9,3,0,4,4,8,16,0.5,50,0.25,25,0,1,1,0,0,0,.,.,.,AssistantDistrictAtt,18,1,1,0,1,0,1,1,3,0,3
Zeke Smith,28,33,9,33,14,5,0,9,4,7,16,0.571428571,57.1428571,0.25,25,0,1,1,0,0,0,.,.,.,AssetManager,5,1,1,0,1,0,1,1,4,1,2
Will Wahl,18,33,8,34,6,6,1,8,4,8,16,0.5,50,0.25,25,1,1,1,0,0,0,.,.,.,HighSchoolStudent,41,1,1,0,1,0,1,3,4,1,1
Sunday Burquest,45,33,7,35,5,3,0,9,5,11,16,0.454545455,45.4545455,0.3125,31.25,0,1,1,0,0,0,.,.,.,YouthPastor,32,1,1,0,2,0,0,1,3,0,4
Jay Starrett,27,33,6,36,10,7,2,10,3,10,16,0.3,30,0.1875,18.75,1,1,1,0,0,0,.,.,.,RealEstateAgent,33,1,1,0,1,0,1,3,4,1,2
Bret LaBelle,42,33,5,37,5,3,0,9,5,13,16,0.384615385,38.4615385,0.3125,31.25,0,1,1,0,0,0,.,.,.,PoliceSeargent,17,1,1,0,3,1,0,3,3,1,4
David Wright,42,33,4,38,10,5,2,9,12,14,16,0.857142857,85.7142857,0.75,75,2,1,1,0,0,0,.,.,.,TelevisionWriter,20,1,1,0,2,0,0,1,3,1,4
Hannah Shapiro,24,33,2,39,13,5,0,8,9,12,16,0.75,75,0.5625,56.25,0,1,0,1,1,0,0,0,0,Barista,15,0,0,1,2,0,0,1,4,0,2
Ken McNickle,33,33,2,39,3,7,4,9,12,14,16,0.857142857,85.7142857,0.75,75,0,1,0,1,1,0,0,0,0,Model,19,0,0,1,2,0,0,3,3,1,3
Adam Klein,25,33,1,39,6,6,1,7,9,12,16,0.75,75,0.5625,56.25,2,1,0,1,0,1,10,1,100,HomelessShelterManag,35,1,1,0,1,0,1,1,4,1,2
