Name,Appearance,InvitedBack,Age,Season,Placement,DaysIn,VotesAgainst,Immunities,IndImmunities,Challenges,VFB_NIF3,TCA_NIF3,TCTotal,TC_Prop,TC_Pct,TC_Score_Prop,TC_Score,Idols_Found,Idols_Played,Votes_Voided,Boot_Avoided,Tie_Avoided,Idol_Score,Merge,Jury,Final_Tribal,RunnerUp,Winner,JuryVotes,Prop_Jury_Vote,Pct_Jury_Vote,Job,JobFixed,AppStatus,Applicant,Recruit,Collar,BlueCollar,WhiteCollar,Strength,Generation,Gender,AgeGroup,Average_Confessionals
Sonja Christopher,1,0,63,1,16,3,4,0,0,0,0,1,13,0,0,0,0,0,0,0,0,0,0,0,0,0,0,0,.,.,.,Musician,28,1,1,0,2,0,0,2,1,0,6,2
BB Anderson,1,0,64,1,15,6,6,1,0,2,0,1,13,0,0,0,0,0,0,0,0,0,0,0,0,0,0,0,.,.,.,RealEstateDeveloper,31,1,1,0,1,0,1,3,1,1,6,5.5
Stacey Stillman,1,0,28,1,14,9,6,1,0,2,0,2,13,0,0,0,0,0,0,0,0,0,0,0,0,0,0,0,.,.,.,Attorney,18,1,1,0,1,0,1,1,3,0,2,3
Ramona Gray,1,0,29,1,13,12,6,2,0,3,1,2,13,0.5,50,0.076923077,7.6923077,0,0,0,0,0,0,0,0,0,0,0,.,.,.,Biochemist,34,1,1,0,1,0,1,1,3,0,2,4.75
Dirk Been,1,0,24,1,12,15,4,2,0,4,2,3,13,0.666666667,66.6666667,0.153846154,15.3846154,0,0,0,0,0,0,0,0,0,0,0,.,.,.,DairyFarmer,3,1,1,0,3,1,0,3,3,1,2,2.2
Joel Klug,1,0,28,1,11,18,4,3,0,6,2,3,13,0.666666667,66.6666667,0.153846154,15.3846154,0,0,0,0,0,0,0,0,0,0,0,.,.,.,HealthClubConsultant,2,1,1,0,2,0,0,2,3,1,2,3.67
Gretchen Cordy,1,0,38,1,10,21,4,3,0,6,3,4,13,0.75,75,0.230769231,23.0769231,0,0,0,0,0,0,1,0,0,0,0,.,.,.,Teacher,10,1,1,0,1,0,1,3,2,0,3,5
Greg Buis,1,0,24,1,9,24,6,4,1,8,1,5,13,0.2,20,0.076923077,7.6923077,0,0,0,0,0,0,1,1,0,0,0,.,.,.,IvyLeagueGrad,41,1,1,0,1,0,1,1,3,1,2,4.38
Jenna Lewis,1,1,23,1,8,27,11,3,0,6,4,6,13,0.666666667,66.6666667,0.307692308,30.7692308,0,0,0,0,0,0,1,1,0,0,0,.,.,.,Student,41,1,1,0,2,0,0,2,3,0,2,5.22
Gervase Peterson,1,1,30,1,7,30,6,4,1,8,1,7,13,0.142857143,14.2857143,0.076923077,7.6923077,0,0,0,0,0,0,1,1,0,0,0,.,.,.,BasketBallCoach,10,1,1,0,3,1,0,2,3,1,3,5.6
Colleen Haskell,1,0,23,1,6,33,7,3,0,7,3,8,13,0.375,37.5,0.230769231,23.0769231,0,0,0,0,0,0,1,1,0,0,0,.,.,.,Student,41,1,1,0,2,0,0,2,3,0,2,4.91
Sean Kenniff,1,0,30,1,5,36,9,3,0,6,6,9,13,0.666666667,66.6666667,0.461538462,46.1538462,0,0,0,0,0,0,1,1,0,0,0,.,.,.,Doctor,40,1,1,0,1,0,1,1,3,1,3,4.75
Susan Hawk,1,0,38,1,4,37,7,3,0,5,9,10,13,0.9,90,0.692307692,69.2307692,0,0,0,0,0,0,1,1,0,0,0,.,.,.,Truck Driver,39,1,1,0,3,1,0,3,2,0,3,5.46
Rudy Boesch,1,1,72,1,3,38,8,4,1,6,10,10,13,1,100,0.769230769,76.9230769,0,0,0,0,0,0,1,1,0,0,0,.,.,.,RetiredNavySEAL,26,0,0,1,3,1,0,3,1,1,7,3.92
Kelly Wiglesworth,1,1,23,1,2,39,0,7,4,10,9,10,13,0.9,90,0.692307692,69.2307692,0,0,0,0,0,0,1,0,1,1,0,3,0.428571429,42.8571429,River Guide,29,1,1,0,2,0,0,2,3,0,2,6.54
Richard Hatch,1,1,39,1,1,39,6,4,1,6,10,10,13,1,100,0.769230769,76.9230769,0,0,0,0,0,0,1,0,1,0,1,4,0.571428571,57.1428571,CorporateTrainer,13,1,1,0,1,0,1,1,2,1,3,7.08
Debb Eaton,1,0,45,2,16,3,7,0,0,0,0,1,12,0,0,0,0,0,0,0,0,0,0,0,0,0,0,0,.,.,.,CorrectionsOfficer,17,1,1,0,3,1,0,3,2,0,4,4
Kel Gleason,1,0,33,2,15,6,7,1,0,2,0,1,12,0,0,0,0,0,0,0,0,0,0,0,0,0,0,0,.,.,.,ArmyIntelligenceOffi,26,1,1,0,3,1,0,1,3,1,3,2
Maralyn Hershey,1,0,52,2,14,9,5,1,0,3,1,2,12,0.5,50,0.083333333,8.3333333,0,0,0,0,0,0,0,0,0,0,0,.,.,.,RetiredPoliceOfficer,17,1,1,0,3,1,0,3,2,0,5,4
Mitchell Olson,1,0,24,2,13,12,6,1,0,3,2,3,12,0.666666667,66.6666667,0.166666667,16.6666667,0,0,0,0,0,0,0,0,0,0,0,.,.,.,Singer,28,1,1,0,2,0,0,2,3,1,2,4.5
Kimmi Kappenberg,1,1,28,2,12,15,6,3,0,6,1,2,12,0.5,50,0.083333333,8.3333333,0,0,0,0,0,0,0,0,0,0,0,.,.,.,Bartender,15,1,1,0,2,0,0,2,3,0,2,3.2
Michael Skupin,1,1,39,2,11,17,0,3,0,6,2,2,12,1,100,0.166666667,16.6666667,0,0,0,0,0,0,0,0,0,0,0,.,.,.,SoftwarePublisher,8,1,1,0,1,0,1,3,2,1,3,3.5
Jeff Varner,1,1,34,2,10,21,11,3,0,6,2,3,12,0.666666667,66.6666667,0.166666667,16.6666667,0,0,0,0,0,0,1,0,0,0,0,.,.,.,InternetProjectsManager,8,1,1,0,1,0,1,2,3,1,3,5
Alicia Calaway,1,1,32,2,9,24,5,3,0,6,2,4,12,0.5,50,0.166666667,16.6666667,0,0,0,0,0,0,1,1,0,0,0,.,.,.,PersonalTrainer,12,1,1,0,2,0,0,3,3,0,3,2.88
Jerri Manthey,1,1,30,2,8,27,12,2,0,6,4,6,12,0.666666667,66.6666667,0.333333333,33.3333333,0,0,0,0,0,0,1,1,0,0,0,.,.,.,Actress,19,1,1,0,2,0,0,2,3,0,3,6.67
Nick Brown,1,0,24,2,7,30,4,4,1,7,3,6,12,0.5,50,0.25,25,0,0,0,0,0,0,1,1,0,0,0,.,.,.,HarvardLawStudent,41,1,1,0,1,0,1,1,3,1,2,1.7
Amber Brkich,1,1,22,2,6,33,6,2,0,4,5,8,12,0.625,62.5,0.416666667,41.6666667,0,0,0,0,0,0,1,1,0,0,0,.,.,.,AdminAssist,1,1,1,0,1,0,1,1,3,0,2,2.09
Rodger Bingham,1,0,53,2,5,36,5,3,0,6,4,8,12,0.5,50,0.333333333,33.3333333,0,0,0,0,0,0,1,1,0,0,0,.,.,.,Farmer,3,1,1,0,3,1,0,3,2,1,5,2.92
Elisabeth Filarski,1,0,23,2,4,39,5,3,0,6,4,9,12,0.444444444,44.4444444,0.333333333,33.3333333,0,0,0,0,0,0,1,1,0,0,0,.,.,.,FootwearDesigner,4,1,1,0,2,0,0,2,3,0,2,4.38
Keith Famie,1,0,41,2,3,31,10,4,2,6,9,10,12,0.9,90,0.75,75,0,0,0,0,0,0,1,1,0,0,0,.,.,.,Chef,15,1,1,0,3,1,0,1,2,1,4,5
Colby Donaldson,1,1,27,2,2,42,9,7,5,12,9,10,12,0.9,90,0.75,75,0,0,0,0,0,0,1,0,1,1,0,3,0.428571429,42.8571429,AutoCustomizer,27,1,1,0,3,1,0,3,3,1,2,7
Tina Wesson,1,1,40,2,1,42,0,2,0,5,10,10,12,1,100,0.833333333,83.3333333,0,0,0,0,0,0,1,0,1,0,1,4,0.571428571,57.1428571,PersonalNurse,25,1,1,0,3,1,0,1,2,0,4,4.93
Diane Ogden,1,0,42,3,16,3,6,0,0,0,0,1,13,0,0,0,0,0,0,0,0,0,0,0,0,0,0,0,.,.,.,USMailCarrier,6,1,1,0,3,1,0,3,2,0,4,1
Jessie Camacho,1,0,27,3,15,6,5,0,0,0,1,2,13,0.5,50,0.076923077,7.6923077,0,0,0,0,0,0,0,0,0,0,0,.,.,.,DeputySherrif,17,1,1,0,3,1,0,3,3,0,2,1.5
Carl Bilancione,1,0,46,3,14,9,7,2,0,3,0,1,13,0,0,0,0,0,0,0,0,0,0,0,0,0,0,0,.,.,.,Dentist,12,1,1,0,1,0,1,1,2,1,4,3
Linda Spencer,1,0,45,3,13,12,4,2,0,4,0,2,13,0,0,0,0,0,0,0,0,0,0,0,0,0,0,0,.,.,.,CareerCounselor,13,1,1,0,1,0,1,1,2,0,4,2.25
Silas Gaither,1,0,23,3,12,15,8,2,0,5,2,3,13,0.666666667,66.6666667,0.153846154,15.3846154,0,0,0,0,0,0,0,0,0,0,0,.,.,.,Bartender,15,0,0,1,2,0,0,2,3,1,2,3.6
Lindsey Richter,1,0,27,3,11,18,12,3,0,7,2,3,13,0.666666667,66.6666667,0.153846154,15.3846154,0,0,0,0,0,0,0,0,0,0,0,.,.,.,AdvertisingExecutive,2,1,1,0,1,0,1,1,3,0,2,5
Clarence Black,1,0,25,3,10,21,12,3,0,5,3,4,13,0.75,75,0.230769231,23.0769231,0,0,0,0,0,0,1,0,0,0,0,.,.,.,BasketballCoach,10,0.5,0,0,3,1,0,1,3,1,2,3.43
Kelly Goldsmith,1,0,22,3,9,24,5,3,0,5,4,5,13,0.8,80,0.307692308,30.7692308,0,0,0,0,0,0,1,1,0,0,0,.,.,.,BehavioralResearchAn,34,1,1,0,1,0,1,1,3,0,2,2.88
Brandon Quinton,1,0,25,3,8,27,6,3,0,7,4,6,13,0.666666667,66.6666667,0.307692308,30.7692308,0,0,0,0,0,0,1,1,0,0,0,.,.,.,Bartender,15,1,1,0,2,0,0,2,3,1,2,3
Frank Garrison,1,0,40,3,7,30,9,3,0,7,3,7,13,0.428571429,42.8571429,0.230769231,23.0769231,0,0,0,0,0,0,1,1,0,0,0,.,.,.,TelephoneTechnician,8,1,1,0,3,1,0,3,2,1,4,3.7
Kim Powers,1,0,30,3,6,33,4,3,0,6,5,8,13,0.625,62.5,0.384615385,38.4615385,0,0,0,0,0,0,1,1,0,0,0,.,.,.,FreelanceMarketer,2,1,1,0,1,0,1,2,3,0,3,3
Teresa Cooper,1,0,42,3,5,36,4,4,1,7,3,9,13,0.333333333,33.3333333,0.230769231,23.0769231,0,0,0,0,0,0,1,1,0,0,0,.,.,.,FlightAttendant,15,1,1,0,3,1,0,2,2,0,4,2.25
Tom Buchanan,1,1,46,3,4,37,9,4,1,6,7,10,13,0.7,70,0.538461538,53.8461538,0,0,0,0,0,0,1,1,0,0,0,.,.,.,GoatFarmer,3,1,1,0,3,1,0,3,2,1,4,4.38
Lex van den Berghe,1,1,38,3,3,38,10,6,3,6,9,10,13,0.9,90,0.692307692,69.2307692,0,0,0,0,0,0,1,1,0,0,0,.,.,.,MarketingManager,2,1,1,0,1,0,1,1,2,1,3,6.31
Kim Johnson,1,0,57,3,2,39,1,5,2,7,10,10,13,1,100,0.769230769,76.9230769,0,0,0,0,0,0,1,0,1,1,0,2,0.285714286,28.5714286,RetiredTeacher,10,1,1,0,1,0,1,1,1,0,5,2.77
Ethan Zohn,1,1,27,3,1,39,0,4,1,7,10,10,13,1,100,0.769230769,76.9230769,0,0,0,0,0,0,1,0,1,0,1,5,0.714285714,71.4285714,ProSoccerPlayer,36,1,1,0,2,0,0,2,3,1,2,5
Peter Harkey,1,0,46,4,16,3,5,0,0,0,0,1,13,0,0,0,0,0,0,0,0,0,0,0,0,0,0,0,.,.,.,BowlingAlleyOwner,22,1,1,0,3,1,0,2,2,1,4,3
Patricia Jackson,1,0,49,4,15,6,5,0,0,0,1,2,13,0.5,50,0.076923077,7.6923077,0,0,0,0,0,0,0,0,0,0,0,.,.,.,TruckAssembler,27,1,1,0,3,1,0,3,2,0,4,3
Hunter Ellis,1,0,33,4,14,9,4,0,0,0,1,3,13,0.333333333,33.3333333,0.076923077,7.6923077,0,0,0,0,0,0,0,0,0,0,0,.,.,.,FormerNavyFighterPil,26,1,1,0,3,1,0,3,3,1,3,4.33
Sarah Jones,1,0,24,4,13,12,11,0,0,0,3,4,13,0.75,75,0.230769231,23.0769231,0,0,0,0,0,0,0,0,0,0,0,.,.,.,AccountManager,5,1,1,0,1,0,1,2,3,0,2,1.75
Gabriel Cade,1,0,23,4,12,15,7,4,0,6,0,1,13,0,0,0,0,0,0,0,0,0,0,0,0,0,0,0,.,.,.,Bartender,15,1,1,0,2,0,0,2,3,1,2,2.8
Gina Crews,1,0,29,4,11,18,3,1,0,3,2,5,13,0.4,40,0.153846154,15.3846154,0,0,0,0,0,0,0,0,0,0,0,.,.,.,NatureGuide,10,1,1,0,2,0,0,2,3,0,2,6.17
Rob Mariano,1,1,26,4,10,21,8,2,0,2,4,5,13,0.8,80,0.307692308,30.7692308,0,0,0,0,0,0,1,0,0,0,0,.,.,.,ConstructionWorker,7,1,1,0,3,1,0,3,3,1,2,4.57
John Carroll,1,0,36,4,9,24,8,5,0,7,2,3,13,0.666666667,66.6666667,0.153846154,15.3846154,0,0,0,0,0,0,1,1,0,0,0,.,.,.,RegisteredNurse,25,1,1,0,3,1,0,1,3,1,3,4
Zoe Zanidakis,1,0,35,4,8,27,8,5,0,7,3,4,13,0.75,75,0.230769231,23.0769231,0,0,0,0,0,0,1,1,0,0,0,.,.,.,FishingBoatCaptain,23,1,1,0,3,1,0,2,3,0,3,0.56
Tammy Leitner,1,0,29,4,7,30,5,7,2,9,3,5,13,0.6,60,0.230769231,23.0769231,0,0,0,0,0,0,1,1,0,0,0,.,.,.,CrimeReporter,20,1,1,0,1,0,1,1,3,0,2,3.1
Robert DeCanio,1,0,38,4,6,33,6,6,1,8,3,6,13,0.5,50,0.230769231,23.0769231,0,0,0,0,0,0,1,1,0,0,0,.,.,.,LimousineDriver,39,1,1,0,3,1,0,3,2,1,3,2.36
Sean Rector,1,0,30,4,5,36,7,2,0,4,7,10,13,0.7,70,0.538461538,53.8461538,0,0,0,0,0,0,1,1,0,0,0,.,.,.,Teacher,10,1,1,0,1,0,1,2,3,1,3,4.08
Paschal English,1,0,57,4,4,37,0,4,0,10,8,9,13,0.888888889,88.8888889,0.615384615,61.5384615,0,0,0,0,0,0,1,1,0,0,0,.,.,.,Judge,6,1,1,0,1,0,1,1,1,1,5,3.62
Kathy Vavrick OBrien,1,1,47,4,3,38,5,6,2,12,7,9,13,0.777777778,77.7777778,0.538461538,53.8461538,0,0,0,0,0,0,1,1,0,0,0,.,.,.,RealEstateAgent,31,1,1,0,1,0,1,1,2,0,4,5.92
Neleh Dennis,1,0,22,4,2,39,4,5,1,9,8,9,13,0.888888889,88.8888889,0.615384615,61.5384615,0,0,0,0,0,0,1,0,1,1,0,3,0.428571429,42.8571429,Student,41,1,1,0,2,0,0,2,3,0,2,3
Vecepia Towery,1,0,36,4,1,39,2,4,2,4,8,11,13,0.727272727,72.7272727,0.615384615,61.5384615,0,0,0,0,0,0,1,0,1,0,1,4,0.571428571,57.1428571,OfficeManager,21,1,1,0,1,0,1,1,3,0,3,2.92
John Raymond,1,0,40,5,16,3,6,0,0,0,0,1,13,0,0,0,0,0,0,0,0,0,0,0,0,0,0,0,.,.,.,Pastor,32,1,1,0,2,0,0,1,2,1,4,7
Tanya Vance,1,0,27,5,15,6,5,0,0,0,1,2,13,0.5,50,0.076923077,7.6923077,0,0,0,0,0,0,0,0,0,0,0,.,.,.,SocialWork,35,1,1,0,1,0,1,1,3,0,2,2
Jed Hildebrand,1,0,25,5,14,9,5,2,0,3,0,1,13,0,0,0,0,0,0,0,0,0,0,0,0,0,0,0,.,.,.,DentalStudent,12,1,1,0,1,0,1,1,3,1,2,2.33
Ghandia Johnson,1,0,33,5,13,12,5,1,0,2,1,3,13,0.333333333,33.3333333,0.076923077,7.6923077,0,0,0,0,0,0,0,0,0,0,0,.,.,.,LegalSecretary,1,1,1,0,3,1,0,1,3,0,3,4.5
Stephanie Dill,1,0,29,5,12,15,5,3,0,5,0,2,13,0,0,0,0,0,0,0,0,0,0,0,0,0,0,0,.,.,.,Firefighter,6,1,1,0,3,1,0,3,3,0,2,2.2
Robb Zbacnik,1,0,23,5,11,18,5,3,0,6,0,3,13,0,0,0,0,0,0,0,0,0,0,0,0,0,0,0,.,.,.,Bartender,15,1,1,0,2,0,0,3,3,1,2,4.33
ShiiAnn Huang,1,1,28,5,10,21,10,3,0,6,3,4,13,0.75,75,0.230769231,23.0769231,0,0,0,0,0,0,0,0,0,0,0,.,.,.,ExecutiveRecruiter,13,1,1,0,1,0,1,1,3,0,2,4.57
Erin Collins,1,0,26,5,9,24,3,3,0,6,4,5,13,0.8,80,0.307692308,30.7692308,0,0,0,0,0,0,0,1,0,0,0,.,.,.,RealEstateAgent,31,1,1,0,1,0,1,2,3,0,2,1.88
Ken Stafford,1,0,29,5,8,27,6,3,0,6,5,6,13,0.833333333,83.3333333,0.384615385,38.4615385,0,0,0,0,0,0,1,1,0,0,0,.,.,.,NYCPoliceOfficer,17,0,0,1,3,1,0,2,3,1,2,2.33
Penny Ramsey,1,0,27,5,7,30,5,3,0,6,5,7,13,0.714285714,71.4285714,0.384615385,38.4615385,0,0,0,0,0,0,1,1,0,0,0,.,.,.,PharmaceuticalSales,33,1,1,0,1,0,1,2,3,0,2,2.2
Jake Billingsley,1,0,60,5,6,33,7,3,0,6,5,8,13,0.625,62.5,0.384615385,38.4615385,0,0,0,0,0,0,1,1,0,0,0,.,.,.,LandBroker,31,1,1,0,1,0,1,3,1,1,6,3.27
Ted Rogers Jr,1,0,37,5,5,36,7,6,1,8,6,7,13,0.857142857,85.7142857,0.461538462,46.1538462,0,0,0,0,0,0,1,1,0,0,0,.,.,.,SoftwareDevelopmentM,8,1,1,0,1,0,1,3,2,1,3,3.67
Helen Glover,1,0,47,5,4,37,5,6,1,8,6,8,13,0.75,75,0.461538462,46.1538462,0,0,0,0,0,0,1,1,0,0,0,.,.,.,NavySwimInstructor,26,1,1,0,3,1,0,3,2,0,4,4.62
Jan Gentry,1,0,53,5,3,38,5,5,0,6,7,8,13,0.875,87.5,0.538461538,53.8461538,0,0,0,0,0,0,1,1,0,0,0,.,.,.,Teacher,10,1,1,0,1,0,1,2,2,0,5,2.69
Clay Jordan,1,0,46,5,2,39,4,6,1,7,7,8,13,0.875,87.5,0.538461538,53.8461538,0,0,0,0,0,0,1,0,1,1,0,3,0.428571429,42.8571429,RestaurantOwner,21,1,1,0,1,0,1,1,2,1,4,4.54
Brian Heidik,1,0,34,5,1,39,0,8,3,3,8,8,13,1,100,0.615384615,61.5384615,0,0,0,0,0,0,1,0,1,0,1,4,0.571428571,57.1428571,UsedCarSalesman,33,0,0,1,2,0,0,3,3,1,3,4.08
Ryan Aiken,1,0,23,6,16,3,4,0,0,0,0,1,13,0,0,0,0,0,0,0,0,0,0,0,0,0,0,0,.,.,.,Model,19,1,1,0,2,0,0,2,3,1,2,4
Janet Koth,1,0,47,6,15,6,5,1,0,2,0,1,13,0,0,0,0,0,0,0,0,0,0,0,0,0,0,0,.,.,.,HomeMaker,14,1,1,0,2,0,0,2,2,0,4,3
Daniel Lue,1,0,26,6,14,9,7,1,0,1,0,2,13,0,0,0,0,0,0,0,0,0,0,0,0,0,0,0,.,.,.,TaxAccountant,5,1,1,0,1,0,1,3,3,1,2,2
Joanna Ward,1,0,31,6,13,12,4,2,0,4,0,2,13,0,0,0,0,0,0,0,0,0,0,0,0,0,0,0,.,.,.,GuidanceCounselor,35,0,0,1,1,0,1,1,3,0,3,1
Jeanne Hebert,1,0,40,6,12,15,5,2,0,4,1,3,13,0.333333333,33.3333333,0.076923077,7.6923077,0,0,0,0,0,0,0,0,0,0,0,.,.,.,MarketingDirector,2,1,1,0,1,0,1,1,2,0,4,3.8
Shawna Mitchell,1,0,23,6,11,18,6,3,0,5,1,3,13,0.333333333,33.3333333,0.076923077,7.6923077,0,0,0,0,0,0,0,0,0,0,0,.,.,.,RetailSaleswoman,33,1,1,0,2,0,0,2,3,0,2,2.67
Roger Sexton,1,0,56,6,10,21,11,3,0,5,3,4,13,0.75,75,0.230769231,23.0769231,0,0,0,0,0,0,1,0,0,0,0,.,.,.,ConstructionCompanyV,7,1,1,0,3,1,0,3,2,1,5,1.86
Dave Johnson,1,0,23,6,9,24,8,3,0,6,2,5,13,0.4,40,0.153846154,15.3846154,0,0,0,0,0,0,1,1,0,0,0,.,.,.,RocketScientist,34,1,1,0,1,0,1,1,3,1,2,3.88
Deena Bennett,1,0,35,6,8,27,6,4,1,6,5,6,13,0.833333333,83.3333333,0.384615385,38.4615385,0,0,0,0,0,0,1,1,0,0,0,.,.,.,DeputyDistrictAttorn,18,1,1,0,1,0,1,1,3,0,3,4.56
Alex Bell,1,0,32,6,7,30,6,3,0,5,5,7,13,0.714285714,71.4285714,0.384615385,38.4615385,0,0,0,0,0,0,1,1,0,0,0,.,.,.,TriathalonCoach,10,1,1,0,2,0,0,3,3,1,3,2.7
Christy Smith,1,0,24,6,6,33,9,3,0,6,4,8,13,0.5,50,0.307692308,30.7692308,0,0,0,0,0,0,1,1,0,0,0,.,.,.,Children'sAdventureG,10,1,1,0,2,0,0,2,3,0,2,2.36
Heidi Strobel,1,0,24,6,5,36,3,4,1,6,7,9,13,0.777777778,77.7777778,0.538461538,53.8461538,0,0,0,0,0,0,1,1,0,0,0,.,.,.,GymTeacher,10,0.5,0,0,1,0,1,2,3,0,2,2.83
Butch Lockley,1,0,50,6,4,37,5,3,0,5,7,10,13,0.7,70,0.538461538,53.8461538,0,0,0,0,0,0,1,1,0,0,0,.,.,.,Principal,10,1,1,0,1,0,1,1,2,1,5,1.23
Rob Cesternino,1,1,24,6,3,38,4,3,1,5,10,10,13,1,100,0.769230769,76.9230769,0,0,0,0,0,0,1,1,0,0,0,.,.,.,ComputerProjectsCoor,8,0.5,0,0,1,0,1,1,3,1,2,7.23
Matthew von Ertfelda,1,0,33,6,2,39,6,5,2,8,9,10,13,0.9,90,0.692307692,69.2307692,0,0,0,0,0,0,1,0,1,1,0,1,0.142857143,14.2857143,RestaurantDesigner,37,1,1,0,1,0,1,1,3,1,3,3.69
Jenna Morasca,1,1,21,6,1,39,3,6,3,9,8,10,13,0.8,80,0.615384615,61.5384615,0,0,0,0,0,0,1,0,1,0,1,6,0.857142857,85.7142857,SwimsuitModel,19,1,1,0,2,0,0,2,4,0,2,4.38
Nicole Delma,1,0,24,7,16,3,7,0,0,1,0,1,14,0,0,0,0,0,0,0,0,0,0,0,0,0,0,0,.,.,.,MassageTherapist,37,0,0,1,2,0,0,2,3,0,2,6
Ryan Shoulders,1,0,23,7,15,6,6,0,0,1,1,2,14,0.5,50,0.071428571,7.1428571,0,0,0,0,0,0,0,0,0,0,0,.,.,.,ProduceClerk,33,1,1,0,3,1,0,1,3,1,2,5
Michelle Tesauro,1,0,22,7,14,15,6,3,0,7,0,2,14,0,0,0,0,0,0,0,0,0,0,0,0,0,0,0,.,.,.,Student,41,1,1,0,2,0,0,1,4,0,2,1.8
Trish Dunn,1,0,42,7,13,18,4,3,0,8,2,3,14,0.666666667,66.6666667,0.142857143,14.2857143,0,0,0,0,0,0,0,0,0,0,0,.,.,.,SalesExecutive,33,1,1,0,1,0,1,1,2,0,4,2.17
Shawn Cohen,1,0,28,7,12,19,5,3,0,7,3,4,14,0.75,75,0.214285714,21.4285714,0,0,0,0,0,0,0,0,0,0,0,.,.,.,AdvertisingSales,33,1,1,0,1,0,1,3,3,1,2,2.86
Osten Taylor,1,0,27,7,11,19,2,3,0,4,3,3,14,1,100,0.214285714,21.4285714,0,0,0,0,0,0,0,0,0,0,0,.,.,.,EquityTradeManager,33,1,1,0,1,0,1,3,3,1,2,2.43
Andrew Savage,1,1,29,7,10,21,6,3,0,4,3,4,14,0.75,75,0.214285714,21.4285714,0,0,0,0,0,0,1,0,0,0,0,.,.,.,Attorney,18,1,1,0,1,0,1,1,3,1,2,6
Ryan Opray,1,0,30,7,9,24,8,3,0,4,3,5,14,0.6,60,0.214285714,21.4285714,0,0,0,0,0,0,1,1,0,0,0,.,.,.,Electrician,37,1,1,0,3,1,0,3,3,1,3,2
Rupert Boneham,1,1,39,7,8,27,7,5,2,9,5,6,14,0.833333333,83.3333333,0.357142857,35.7142857,0,0,0,0,0,0,1,1,0,0,0,.,.,.,TroubledTeensMentor,35,1,1,0,2,0,0,3,3,1,3,5.9
Tijuana Bradley,1,0,26,7,7,30,5,3,0,4,5,7,14,0.714285714,71.4285714,0.357142857,35.7142857,0,0,0,0,0,0,1,1,0,0,0,.,.,.,PharmaceuticalSales,33,1,1,0,1,0,1,2,3,0,2,2.64
Christa Hastie,1,0,24,7,6,33,7,3,0,7,7,9,14,0.777777778,77.7777778,0.5,50,0,0,0,0,0,0,1,1,0,0,0,.,.,.,ComputerProgrammer,8,1,1,0,1,0,1,1,3,0,2,2.5
Burton Roberts,1,0,31,7,5,36,10,5,2,11,5,7,14,0.714285714,71.4285714,0.357142857,35.7142857,0,0,0,0,0,0,1,1,0,0,0,.,.,.,MarketingExecutive,2,0,0,1,1,0,1,2,3,1,3,4.6
Darrah Johnson,1,0,22,7,4,37,6,6,3,8,7,10,14,0.7,70,0.5,50,0,0,0,0,0,0,1,1,0,0,0,.,.,.,Mortician,37,1,1,0,3,1,0,2,4,0,2,0.93
Jon Dalton,1,1,29,7,3,38,7,3,0,9,9,11,14,0.818181818,81.8181818,0.642857143,64.2857143,0,0,0,0,0,0,1,1,0,0,0,.,.,.,ArtConsultant,4,0,0,1,2,0,0,1,3,1,2,4.14
Lillian Morris,1,0,51,7,2,39,10,2,2,4,8,10,14,0.8,80,0.571428571,57.1428571,0,0,0,0,0,0,1,0,1,1,0,1,0.142857143,14.2857143,ScoutTroopLeader,14,1,1,0,2,0,0,2,2,0,5,5
Sandra Diaz Twine,1,1,28,7,1,39,0,3,0,7,9,11,14,0.818181818,81.8181818,0.642857143,64.2857143,0,0,0,0,0,0,1,0,1,0,1,6,0.857142857,85.7142857,OfficeAssistant,1,1,1,0,1,0,1,3,3,0,2,3.86
Tina Wesson,2,1,42,8,18,3,4,0,0,0,0,1,13,0,0,0,0,0,0,0,0,0,0,0,0,0,0,0,.,.,.,MotivationalSpeaker,19,0,0,1,2,0,0,1,2,0,4,2
Rudy Boesch,2,0,75,8,17,6,3,0,0,1,1,2,13,0.5,50,0.076923077,7.6923077,0,0,0,0,0,0,0,0,0,0,0,.,.,.,RetiredNavySEAL,26,0,0,1,3,1,0,3,1,1,7,1.5
Jenna Morasca,2,0,22,8,16,9,0,2,0,3,0,0,13,0,0,0,0,0,0,0,0,0,0,0,0,0,0,0,.,.,.,SwimsuitModel,19,0,0,1,2,0,0,2,4,0,2,1.67
Rob Cesternino,2,0,25,8,15,12,5,2,0,4,0,1,13,0,0,0,0,0,0,0,0,0,0,0,0,0,0,0,.,.,.,ComputerProjectsCoor,8,0,0,1,1,0,1,1,3,1,2,3
Richard Hatch,2,0,42,8,14,15,6,3,0,5,0,1,13,0,0,0,0,0,0,0,0,0,0,0,0,0,0,0,.,.,.,CorporateTrainer,13,0,0,1,1,0,1,1,2,1,4,4
Susan Hawk,2,0,42,8,13,17,0,3,0,6,1,1,13,1,100,0.076923077,7.6923077,0,0,0,0,0,0,0,0,0,0,0,.,.,.,Truck Driver,39,0,0,1,3,1,0,3,2,0,4,1
Colby Donaldson,2,1,29,8,12,19,4,3,0,6,1,2,13,0.5,50,0.076923077,7.6923077,0,0,0,0,0,0,0,0,0,0,0,.,.,.,AutoCustomizer,27,0,0,1,3,1,0,3,3,1,2,2.71
Ethan Zohn,2,0,29,8,11,21,6,1,0,4,2,5,13,0.4,40,0.153846154,15.3846154,0,0,0,0,0,0,0,0,0,0,0,.,.,.,ProSoccerPlayer,36,0,0,1,2,0,0,2,3,1,2,2.5
Jerri Manthey,2,1,33,8,10,24,7,1,0,4,5,6,13,0.833333333,83.3333333,0.384615385,38.4615385,0,0,0,0,0,0,0,0,0,0,0,.,.,.,Actress,19,0,0,1,2,0,0,2,3,0,3,3.44
Lex van den Berghe,2,0,40,8,9,27,7,3,0,6,4,5,13,0.8,80,0.307692308,30.7692308,0,0,0,0,0,0,1,1,0,0,0,.,.,.,MarketingManager,2,0,0,1,1,0,1,1,2,1,4,2.5
Kathy Vavrick OBrien,2,0,48,8,8,28,6,4,1,7,3,5,13,0.6,60,0.230769231,23.0769231,0,0,0,0,0,0,1,1,0,0,0,.,.,.,RealEstateAgent,31,0,0,1,1,0,1,1,2,0,4,2.45
Alicia Calaway,2,0,35,8,7,30,7,6,0,11,3,4,13,0.75,75,0.230769231,23.0769231,0,0,0,0,0,0,1,1,0,0,0,.,.,.,PersonalTrainer,12,0,0,1,2,0,0,3,3,0,3,2.17
ShiiAnn Huang,2,0,29,8,6,33,5,4,1,8,6,8,13,0.75,75,0.461538462,46.1538462,0,0,0,0,0,0,1,1,0,0,0,.,.,.,ExecutiveRecruiter,13,0,0,1,1,0,1,1,3,0,2,2.38
Tom Buchanan,2,0,48,8,5,36,4,6,1,12,5,6,13,0.833333333,83.3333333,0.384615385,38.4615385,0,0,0,0,0,0,1,1,0,0,0,.,.,.,GoatFarmer,3,0,0,1,3,1,0,3,2,1,4,2.21
Rupert Boneham,2,1,39,8,4,37,4,5,0,10,6,8,13,0.75,75,0.461538462,46.1538462,0,0,0,0,0,0,1,1,0,0,0,.,.,.,TroubledTeensMentor,35,0,0,1,2,0,0,3,3,1,3,3.6
Jenna Lewis,2,0,26,8,3,38,4,5,0,8,8,8,13,1,100,0.615384615,61.5384615,0,0,0,0,0,0,1,1,0,0,0,.,.,.,Student,41,0,0,1,2,0,0,2,3,0,2,2.47
Rob Mariano,2,1,27,8,2,39,1,10,4,15,7,7,13,1,100,0.538461538,53.8461538,0,0,0,0,0,0,1,0,1,1,0,3,0.428571429,42.8571429,ConstructionWorker,7,0,0,1,3,1,0,3,3,1,2,4.53
Amber Brkich,2,0,25,8,1,39,6,6,1,11,8,8,13,1,100,0.615384615,61.5384615,0,0,0,0,0,0,1,0,1,0,1,4,0.571428571,57.1428571,AdminAssist,1,0,0,1,1,0,1,1,3,0,2,2.87
Brook Geraghty,1,0,27,9,18,3,5,0,0,0,0,1,15,0,0,0,0,0,0,0,0,0,0,0,0,0,0,0,.,.,.,Document Manager,1,1,1,0,1,0,1,1,3,1,2,4
Dolly Neely,1,0,25,9,17,6,5,1,0,2,0,1,15,0,0,0,0,0,0,0,0,0,0,0,0,0,0,0,.,.,.,SheepFarmer,3,1,1,0,3,1,0,2,3,0,2,3
John Palyok,1,0,31,9,16,7,5,1,0,2,0,2,15,0,0,0,0,0,0,0,0,0,0,0,0,0,0,0,.,.,.,SalesManager,21,0,0,1,1,0,1,2,3,1,3,2.33
Mia Galeotalanza,1,0,29,9,15,7,5,1,0,2,0,2,15,0,0,0,0,0,0,0,0,0,0,0,0,0,0,0,.,.,.,Bookkeeper,5,1,1,0,1,0,1,3,3,0,2,2.67
Brady Finta,1,0,33,9,14,10,6,1,0,2,0,3,15,0,0,0,0,0,0,0,0,0,0,0,0,0,0,0,.,.,.,FBIAgent,26,1,1,0,3,1,0,2,3,1,3,2.5
Travis Sampson,1,0,33,9,13,12,6,1,0,2,3,4,15,0.75,75,0.2,20,0,0,0,0,0,0,0,0,0,0,0,.,.,.,SecurityOfficer,17,1,1,0,3,1,0,3,3,1,3,2.4
Lisa Keiffer,1,0,44,9,12,15,4,2,0,4,2,4,15,0.5,50,0.133333333,13.3333333,0,0,0,0,0,0,0,0,0,0,0,.,.,.,RealEstateAgent,31,1,1,0,1,0,1,3,2,0,4,1.17
John Kenney,1,0,22,9,11,18,5,4,1,7,1,4,15,0.25,25,0.066666667,6.6666667,0,0,0,0,0,0,0,0,0,0,0,.,.,.,MechanicalBullOperat,15,0.5,0,0,2,0,0,2,4,1,2,2
Rory Freeman,1,0,35,9,10,21,14,2,0,4,5,6,15,0.833333333,83.3333333,0.333333333,33.3333333,0,0,0,0,0,0,1,0,0,0,0,.,.,.,HousingCaseManager,35,1,1,0,1,0,1,1,3,1,3,3.88
Lea Masters,1,0,40,9,9,24,7,4,1,8,4,6,15,0.666666667,66.6666667,0.266666667,26.6666667,0,0,0,0,0,0,1,1,0,0,0,.,.,.,DrillSeargent,26,1,1,0,3,1,0,3,2,1,4,3.44
Chad Crittenden,1,0,34,9,8,27,7,3,0,8,4,7,15,0.571428571,57.1428571,0.266666667,26.6666667,0,0,0,0,0,0,1,1,0,0,0,.,.,.,Teacher,10,1,1,0,1,0,1,1,3,1,3,1.5
Leann Slaby,1,0,35,9,7,30,8,3,0,7,7,8,15,0.875,87.5,0.466666667,46.6666667,0,0,0,0,0,0,1,1,0,0,0,.,.,.,EquityResearchAssist,5,1,1,0,1,0,1,2,3,1,3,2
Ami Cusack,1,1,31,9,6,33,8,6,3,10,7,9,15,0.777777778,77.7777778,0.466666667,46.6666667,0,0,0,0,0,0,1,1,0,0,0,.,.,.,CoffeeBarista,15,0.5,0,0,2,0,0,2,3,0,3,3.17
Julie Berry,1,0,23,9,5,36,4,4,0,10,4,9,15,0.444444444,44.4444444,0.266666667,26.6666667,0,0,0,0,0,0,1,1,0,0,0,.,.,.,YouthMentor,35,1,1,0,2,0,0,1,3,0,2,1.92
Eliza Orlins,1,1,21,9,4,37,9,4,1,10,9,11,15,0.818181818,81.8181818,0.6,60,0,0,0,0,0,0,1,1,0,0,0,.,.,.,PreLawStudent,41,1,1,0,1,0,1,1,4,0,2,3.86
Scout Cloud Lee,1,0,59,9,3,38,3,3,0,6,10,11,15,0.909090909,90.9090909,0.666666667,66.6666667,0,0,0,0,0,0,1,1,0,0,0,.,.,.,Rancher,3,1,1,0,2,0,0,1,1,0,5,1.79
Twila Tanner,1,0,41,9,2,39,6,5,1,10,10,10,15,1,100,0.666666667,66.6666667,0,0,0,0,0,0,1,0,1,1,0,2,0.285714286,28.5714286,HighwayRepairWorker,7,1,1,0,3,1,0,3,2,0,4,2.79
Chris Daugherty,1,0,33,9,1,39,3,6,3,12,9,11,15,0.818181818,81.8181818,0.6,60,0,0,0,0,0,0,1,0,1,0,1,5,0.714285714,71.4285714,HighwayConstructionW,7,1,1,0,3,1,0,3,3,1,3,5.07
Jonathan Libby,1,0,23,10,20,2,0,0,0,0,0,0,13,0,0,0,0,0,0,0,0,0,0,0,0,0,0,0,.,.,.,Sales&MarketingAssoc,33,0,0,1,1,0,1,3,4,1,2,1
Wanda Shirk,1,0,55,10,19,2,0,0,0,0,0,0,13,0,0,0,0,0,0,0,0,0,0,0,0,0,0,0,.,.,.,EnglishTeacher,10,1,1,0,1,0,1,1,2,0,5,1
Jolanda Jones,1,0,39,10,18,3,6,1,1,1,0,1,13,0,0,0,0,0,0,0,0,0,0,0,0,0,0,0,.,.,.,Lawyer,18,1,1,0,1,0,1,1,3,0,3,3
Ashlee Ashby,1,0,22,10,17,6,6,0,0,1,1,2,13,0.5,50,0.076923077,7.6923077,0,0,0,0,0,0,0,0,0,0,0,.,.,.,Student,41,0,0,1,1,0,1,2,4,0,2,1
Jeff Wilson,1,0,21,10,16,8,5,0,0,2,2,3,13,0.666666667,66.6666667,0.153846154,15.3846154,0,0,0,0,0,0,0,0,0,0,0,.,.,.,PersonalTrainer,12,0.5,0,0,3,1,0,3,4,1,2,3.33
Kim Mullen,1,0,25,10,15,11,8,0,0,2,3,4,13,0.75,75,0.230769231,23.0769231,0,0,0,0,0,0,0,0,0,0,0,.,.,.,GraduateStudent,41,1,1,0,1,0,1,1,3,0,2,2.5
Willard Smith,1,0,56,10,14,12,8,4,0,6,0,1,13,0,0,0,0,0,0,0,0,0,0,0,0,0,0,0,.,.,.,Lawyer,18,1,1,0,1,0,1,1,2,1,5,1
Angie Jakusz,1,0,24,10,13,12,8,0,0,2,4,5,13,0.8,80,0.307692308,30.7692308,0,0,0,0,0,0,0,0,0,0,0,.,.,.,Bartender,15,1,1,0,2,0,0,3,3,0,2,3
James Miller,1,0,33,10,12,15,7,0,0,3,4,6,13,0.666666667,66.6666667,0.307692308,30.7692308,0,0,0,0,0,0,0,0,0,0,0,.,.,.,Steelworker,7,1,1,0,3,1,0,3,3,1,3,3.17
Ibrehem Rahman,1,0,27,10,11,18,4,1,0,3,3,7,13,0.428571429,42.8571429,0.230769231,23.0769231,0,0,0,0,0,0,0,0,0,0,0,.,.,.,Waiter,15,0,0,1,2,0,0,2,3,1,2,2
Bobby Jon Drinkard,1,1,27,10,10,21,2,0,0,8,5,7,13,0.714285714,71.4285714,0.384615385,38.4615385,0,0,0,0,0,0,0,0,0,0,0,.,.,.,Waiter,15,0,0,1,2,0,0,2,3,1,2,4.38
Coby Archa,1,0,32,10,9,24,7,7,0,11,1,2,13,0.5,50,0.076923077,7.6923077,0,0,0,0,0,0,1,1,0,0,0,.,.,.,Hairstylist,37,1,1,0,2,0,0,2,3,1,3,2.67
Janu Tornell,1,0,39,10,8,27,1,7,0,12,1,2,13,0.5,50,0.076923077,7.6923077,0,0,0,0,0,0,1,1,0,0,0,.,.,.,VegasShowgirl,19,1,1,0,2,0,0,2,3,0,3,1.4
Stephenie LaGrossa,1,1,24,10,7,30,8,0,0,3,6,9,13,0.666666667,66.6666667,0.461538462,46.1538462,0,0,0,0,0,0,1,1,0,0,0,.,.,.,PharmaceuticalSalesR,33,1,1,0,1,0,1,3,3,0,2,5.45
Gregg Carey,1,0,27,10,6,33,4,7,0,13,3,4,13,0.75,75,0.230769231,23.0769231,0,0,0,0,0,0,1,1,0,0,0,.,.,.,BusinessConsultant,5,0,0,1,1,0,1,2,3,1,2,2.33
Caryn Groedel,1,0,46,10,5,36,7,7,0,12,4,5,13,0.8,80,0.307692308,30.7692308,0,0,0,0,0,0,1,1,0,0,0,.,.,.,Lawyer,18,1,1,0,1,0,1,1,2,0,4,1.85
Jenn Lyon,1,0,32,10,4,37,3,7,0,11,4,6,13,0.666666667,66.6666667,0.307692308,30.7692308,0,0,0,0,0,0,1,1,0,0,0,.,.,.,Nanny,14,0.5,0,0,1,0,1,2,3,0,3,0.93
Ian Rosenberger,1,0,23,10,3,38,5,10,3,15,6,6,13,1,100,0.461538462,46.1538462,0,0,0,0,0,0,1,1,0,0,0,.,.,.,DolphinTrainer,3,0.5,0,0,2,0,0,1,4,1,2,3.29
Katie Gallagher,1,0,29,10,2,39,1,7,0,11,6,6,13,1,100,0.461538462,46.1538462,0,0,0,0,0,0,1,0,1,1,0,1,0.142857143,14.2857143,AdvertisingExecutivw,2,1,1,0,1,0,1,1,3,0,2,2.86
Tom Westman,1,1,40,10,1,39,0,11,4,17,5,6,13,0.833333333,83.3333333,0.384615385,38.4615385,0,0,0,0,0,0,1,0,1,0,1,6,0.857142857,85.7142857,NYCFirefighter,6,1,1,0,3,1,0,3,2,1,4,4.21
Jim Lynch,1,0,63,11,18,3,8,0,0,1,0,1,15,0,0,0,0,0,0,0,0,0,0,0,0,0,0,0,.,.,.,RetiredFireCaptain,6,1,1,0,3,1,0,3,1,1,6,2
Morgan McDevitt,1,0,21,11,17,6,8,1,0,1,0,1,15,0,0,0,0,0,0,0,0,0,0,0,0,0,0,0,.,.,.,Magician'sAssistant,19,0,0,1,2,0,0,2,4,0,2,1
Brianna Varela,1,0,21,11,16,8,7,1,0,1,1,2,15,0.5,50,0.066666667,6.6666667,0,0,0,0,0,0,0,0,0,0,0,.,.,.,RetailSalesperson,33,0,0,1,1,0,1,2,4,0,2,2
Brooke Struck,1,0,25,11,15,11,5,2,0,5,1,2,15,0.5,50,0.066666667,6.6666667,0,0,0,0,0,0,0,0,0,0,0,.,.,.,LawStudent,41,0,0,1,1,0,1,1,3,0,2,1
Blake Towsley,1,0,24,11,14,14,5,3,0,7,1,2,15,0.5,50,0.066666667,6.6666667,0,0,0,0,0,0,0,0,0,0,0,.,.,.,RealEstateBroker,31,0,0,1,1,0,1,2,4,1,2,1
Margaret Bobonich,1,0,43,11,13,15,7,3,0,7,1,3,15,0.333333333,33.3333333,0.066666667,6.6666667,0,0,0,0,0,0,0,0,0,0,0,.,.,.,NursePractitioner,25,1,1,0,1,0,1,1,2,0,4,3.17
Brian Corridan,1,0,22,11,12,15,7,2,0,3,3,4,15,0.75,75,0.2,20,0,0,0,0,0,0,0,0,0,0,0,.,.,.,IvyLeagueStudent,41,1,1,0,1,0,1,1,4,1,2,2.67
Amy OHara,1,0,39,11,11,18,4,2,0,4,4,5,15,0.8,80,0.266666667,26.6666667,0,0,0,0,0,0,0,0,0,0,0,.,.,.,PoliceSeargant,17,0.5,0,0,3,1,0,3,3,0,3,3
Brandon Bellinger,1,0,22,11,10,21,6,3,0,8,3,5,15,0.6,60,0.2,20,0,0,0,0,0,0,1,0,0,0,0,.,.,.,Farmer,3,1,1,0,3,1,0,3,4,1,2,3.38
Bobby Jon Drinkard,2,0,28,11,9,24,8,3,0,8,4,6,15,0.666666667,66.6666667,0.266666667,26.6666667,0,0,0,0,0,0,1,1,0,0,0,.,.,.,Waiter,15,0,0,1,2,0,0,2,3,1,2,2.89
Jamie Newton,1,0,24,11,8,27,10,3,0,5,6,7,15,0.857142857,85.7142857,0.4,40,0,0,0,0,0,0,1,1,0,0,0,.,.,.,WaterSkiingInstructo,10,0,0,1,2,0,0,3,4,1,2,1.5
Gary Hogeboom,1,0,46,11,7,30,8,4,1,6,6,9,15,0.666666667,66.6666667,0.4,40,1,1,0,0,0,2,1,1,0,0,0,.,.,.,ExNFLQuarterBack,36,0.5,0,0,1,0,1,3,2,1,4,3.27
Judd Sergeant,1,0,34,11,6,33,5,4,0,10,6,8,15,0.75,75,0.4,40,0,0,0,0,0,0,1,1,0,0,0,.,.,.,HotelDoorman,15,1,1,0,2,0,0,3,3,1,3,3.25
Cindy Hall,1,0,31,11,5,36,6,4,0,10,6,9,15,0.666666667,66.6666667,0.4,40,0,0,0,0,0,0,1,1,0,0,0,.,.,.,Zookeeper,3,1,1,0,2,0,0,2,3,0,3,2.85
Lydia Morales,1,0,42,11,4,37,10,3,0,4,10,11,15,0.909090909,90.9090909,0.666666667,66.6666667,0,0,0,0,0,0,1,1,0,0,0,.,.,.,Fishmonger,23,1,1,0,2,0,0,1,2,0,4,1.43
Rafe Judkins,1,0,22,11,3,38,2,6,3,8,11,11,15,1,100,0.733333333,73.3333333,0,0,0,0,0,0,1,1,0,0,0,.,.,.,WildernessGuide,29,1,1,0,2,0,0,1,4,1,2,3.64
Stephenie LaGrossa,2,1,25,11,2,39,2,4,1,6,11,11,15,1,100,0.733333333,73.3333333,0,0,0,0,0,0,1,0,1,1,0,1,0.142857143,14.2857143,PharmaceuticalSalesR,33,0,0,1,1,0,1,3,3,0,2,4.43
Danni Boatwright,1,0,30,11,1,39,1,5,2,11,9,11,15,0.818181818,81.8181818,0.6,60,0,0,0,0,0,0,1,0,1,0,1,6,0.857142857,85.7142857,SportsRadioHost,19,1,1,0,1,0,1,2,3,0,3,2.93
Tina Scheer,1,0,44,12,16,3,3,0,0,1,0,1,12,0,0,0,0,0,0,0,0,0,0,0,0,0,0,0,.,.,.,Lumberjill,19,1,1,0,3,1,0,3,2,0,4,3
Melinda Hyder,1,0,32,12,15,6,5,0,0,1,1,2,12,0.5,50,0.083333333,8.3333333,0,0,0,0,0,0,0,0,0,0,0,.,.,.,Singer,28,1,1,0,2,0,0,2,3,0,3,2.5
Misty Giles,1,0,24,12,14,8,5,2,0,4,0,1,12,0,0,0,0,0,0,0,0,0,0,0,0,0,0,0,.,.,.,MissileEngineer,11,1,1,0,1,0,1,1,4,0,2,1.67
Ruth-Marie Milliman,1,0,28,12,13,11,6,1,0,4,2,3,12,0.666666667,66.6666667,0.166666667,16.6666667,0,0,0,0,0,0,0,0,0,0,0,.,.,.,RealEstate,31,1,1,0,1,0,1,1,2,0,2,1
Bobby Mason,1,0,32,12,12,14,3,3,0,6,1,2,12,0.5,50,0.083333333,8.3333333,0,0,0,0,0,0,0,0,0,0,0,.,.,.,Attorney,18,0,0,1,1,0,1,3,3,1,3,1
Dan Berry,1,0,51,12,11,15,3,3,0,6,1,3,12,0.333333333,33.3333333,0.083333333,8.3333333,0,0,0,0,0,0,0,0,0,0,0,.,.,.,Astronaut,26,1,1,0,1,0,1,1,2,1,5,1.83
Nick Stanbury,1,0,25,12,10,18,6,3,0,6,3,4,12,0.75,75,0.25,25,0,0,0,0,0,0,1,0,0,0,0,.,.,.,FinancialSales,31,0,0,1,1,0,1,2,3,1,2,2
Austin Carty,1,0,24,12,9,21,7,3,0,6,3,5,12,0.6,60,0.25,25,0,0,0,0,0,0,1,1,0,0,0,.,.,.,Writer,20,0.5,0,0,2,0,0,2,4,1,2,4
Sally Schumann,1,0,27,12,8,24,8,3,0,7,1,5,12,0.2,20,0.083333333,8.3333333,0,0,0,0,0,0,1,1,0,0,0,.,.,.,SocialWorker,35,1,1,0,1,0,1,2,3,0,2,3.56
Bruce Kanegai,1,0,57,12,7,25,2,4,0,9,3,4,12,0.75,75,0.25,25,0,0,0,0,0,0,1,1,0,0,0,.,.,.,ArtTeacher,10,1,1,0,1,0,1,3,2,1,5,2
Courtney Marit,1,0,31,12,6,30,4,4,0,8,5,6,12,0.833333333,83.3333333,0.416666667,41.6666667,0,0,0,0,0,0,1,1,0,0,0,.,.,.,FireDancer,19,0,0,1,2,0,0,3,3,0,3,2.09
Shane Powers,1,0,35,12,5,33,9,4,0,7,4,7,12,0.571428571,57.1428571,0.333333333,33.3333333,0,0,0,0,0,0,1,1,0,0,0,.,.,.,MarketingExecutive,2,1,1,0,1,0,1,1,3,1,3,3.08
Cirie Fields,1,1,46,12,4,36,3,3,0,7,7,9,12,0.777777778,77.7777778,0.583333333,58.3333333,0,0,0,0,0,0,1,1,0,0,0,.,.,.,Nurse,25,1,1,0,1,0,1,1,3,0,4,4.85
Terry Deitz,1,1,24,12,3,38,1,8,5,15,4,9,12,0.444444444,44.4444444,0.333333333,33.3333333,1,0,0,0,0,1,1,1,0,0,0,.,.,.,Pilot,26,1,1,0,3,1,0,3,2,1,2,4
Danielle DiLorenzo,1,1,24,12,2,39,4,5,1,8,8,8,12,1,100,0.666666667,66.6666667,0,0,0,0,0,0,1,0,1,1,0,2,0.285714286,28.5714286,MedicalSalesRep,33,0,0,1,2,0,0,2,4,0,2,3
Aras Baskauskas,1,1,24,12,1,39,9,5,1,10,6,8,12,0.75,75,0.5,50,0,0,0,0,0,0,1,0,1,0,1,5,0.714285714,71.4285714,YogaInstructor,10,0,0,1,2,0,0,2,4,1,2,3.43
Sekou Bunch,1,0,45,13,20,3,3,0,0,1,0,1,17,0,0,0,0,0,0,0,0,0,0,0,0,0,0,0,.,.,.,JazzMusician,28,0,0,1,2,0,0,3,2,1,4,3
Billy Garcia,1,0,36,13,19,6,4,1,0,1,0,1,17,0,0,0,0,0,0,0,0,0,0,0,0,0,0,0,.,.,.,HeavyMetalMusician,28,1,1,0,2,0,0,2,3,1,3,3
Cecilia Mansilla,1,0,29,13,18,8,5,1,0,1,1,2,17,0.5,50,0.058823529,5.8823529,0,0,0,0,0,0,0,0,0,0,0,.,.,.,RiskConsultant,16,0.5,0,0,1,0,1,2,3,0,2,1
JP Calderon,1,0,30,13,17,11,7,2,0,2,1,2,17,0.5,50,0.058823529,5.8823529,0,0,0,0,0,0,0,0,0,0,0,.,.,.,VolleyballPro,36,0,0,1,2,0,0,3,3,1,3,1.75
Stephannie Favor,1,0,35,13,16,14,9,2,0,3,2,3,17,0.666666667,66.6666667,0.117647059,11.7647059,0,0,0,0,0,0,0,0,0,0,0,.,.,.,NursingStudent,41,1,1,0,1,0,1,1,3,0,3,2.6
CaoBoi Bui,1,0,42,13,15,15,6,4,0,6,1,2,17,0.5,50,0.058823529,5.8823529,0,0,0,0,0,0,0,0,0,0,0,.,.,.,NailSalonManager,21,1,1,0,3,1,0,1,2,1,4,2.67
Cristina Coria,1,0,35,13,14,15,5,2,0,3,3,4,17,0.75,75,0.176470588,17.6470588,0,0,0,0,0,0,0,0,0,0,0,.,.,.,PoliceOfficer,17,0,0,1,3,1,0,3,3,0,3,1.5
Jessica Smith,1,0,27,13,13,18,6,4,0,7,1,3,17,0.333333333,33.3333333,0.058823529,5.8823529,0,0,0,0,0,0,0,0,0,0,0,.,.,.,RollerGirl,36,0,0,1,2,0,0,3,3,0,2,1.57
Brad Virata,1,0,29,13,12,21,7,4,0,5,2,4,17,0.5,50,0.117647059,11.7647059,0,0,0,0,0,0,0,1,0,0,0,.,.,.,FashionDirector,4,0,0,1,2,0,0,2,3,1,2,0.88
Rebecca Borman,1,0,34,13,11,24,6,3,0,4,5,6,17,0.833333333,83.3333333,0.294117647,29.4117647,0,0,0,0,0,0,0,1,0,0,0,.,.,.,MakeUpArtist,4,1,1,0,2,0,0,2,3,0,3,0.67
Jenny Guzon Bae,1,0,36,13,10,24,6,4,0,5,5,6,17,0.833333333,83.3333333,0.294117647,29.4117647,0,0,0,0,0,0,0,1,0,0,0,.,.,.,RealEstateAgent,31,0,0,1,1,0,1,1,3,1,3,1.22
Nate Gonzalez,1,0,26,13,9,27,5,3,0,4,3,7,17,0.428571429,42.8571429,0.176470588,17.6470588,0,0,0,0,0,0,1,1,0,0,0,.,.,.,ShoeSalesman,33,0,0,1,2,0,0,3,3,0,2,2.9
Candice Woodcock,1,1,23,13,8,30,6,4,0,7,5,7,17,0.714285714,71.4285714,0.294117647,29.4117647,0,0,0,0,0,0,1,1,0,0,0,.,.,.,PreMedStudent,41,1,1,0,1,0,1,1,4,0,2,1.36
Jonathan Penner,1,1,44,13,7,33,15,4,0,7,8,9,17,0.888888889,88.8888889,0.470588235,47.0588235,0,0,0,0,0,0,1,1,0,0,0,.,.,.,Writer,20,0,0,1,2,0,0,1,2,1,4,4.08
Parvati Shallow,1,1,23,13,6,36,4,4,0,7,7,10,17,0.7,70,0.411764706,41.1764706,0,0,0,0,0,0,1,1,0,0,0,.,.,.,Boxer,36,0.5,0,0,2,0,0,2,2,0,2,1.92
Adam Gentry,1,0,28,13,5,37,5,5,1,6,7,11,17,0.636363636,63.6363636,0.411764706,41.1764706,0,0,0,0,0,0,1,1,0,0,0,.,.,.,CopierSales,33,0,0,1,2,0,0,2,3,1,2,1.93
Sundra Oakley,1,0,31,13,4,38,6,5,0,10,8,10,17,0.8,80,0.470588235,47.0588235,0,0,0,0,0,0,1,1,0,0,0,.,.,.,Actress,19,0,0,1,2,0,0,2,3,0,3,2.07
Becky Lee,1,0,28,13,3,39,5,6,0,11,9,9,17,1,100,0.529411765,52.9411765,0,0,0,0,0,0,1,0,1,1,0,0,0,0,Attorney,18,0,0,1,1,0,1,1,3,0,2,1.07
Ozzy Lusth,1,1,25,13,2,39,1,10,5,16,8,10,17,0.8,80,0.470588235,47.0588235,0,0,0,0,0,0,1,0,1,1,0,4,0.444444444,44.4444444,Waiter,15,1,1,0,2,0,0,3,4,1,2,3.29
Yul Kwon,1,0,31,13,1,39,5,6,0,12,9,9,17,1,100,0.529411765,52.9411765,1,0,0,0,0,1,1,0,1,0,1,5,0.555555556,55.5555556,ManagementConsultant,21,0,0,1,1,0,1,1,3,1,3,3.21
Jessica de Ben,1,0,27,14,19,3,6,0,0,0,0,1,15,0,0,0,0,0,0,0,0,0,0,0,0,0,0,0,.,.,.,FashionStylist,4,0,0,1,2,0,0,2,3,0,2,3
Erica Durousseau,1,0,27,14,18,6,6,0,0,0,0,2,15,0,0,0,0,0,0,0,0,0,0,0,0,0,0,0,.,.,.,NonProfitFundraiser,35,0,0,1,2,0,0,2,3,0,2,3.5
Sylvia Kwan,1,0,52,14,17,8,6,0,0,0,1,2,15,0.5,50,0.066666667,6.6666667,0,0,0,0,0,0,0,0,0,0,0,.,.,.,Architect,7,0,0,1,1,0,1,1,2,0,5,3.67
Gary Stritesky,1,0,55,14,16,10,0,3,0,5,0,0,15,0,0,0,0,0,0,0,0,0,0,0,0,0,0,0,.,.,.,SchoolBusDriver,39,1,1,0,3,1,0,3,2,1,5,0.75
Liliana Gomez,1,0,25,14,15,11,6,3,0,6,0,1,15,0,0,0,0,0,0,0,0,0,0,0,0,0,0,0,.,.,.,LoanOfficer,5,0,0,1,1,0,1,2,4,0,2,0.5
Rita Verreos,1,0,38,14,14,14,6,1,0,0,2,4,15,0.5,50,0.133333333,13.3333333,0,0,0,0,0,0,0,0,0,0,0,.,.,.,SingleMom,14,0,0,1,2,0,0,3,3,0,3,1
Anthony Robinson,1,0,32,14,13,16,10,1,0,0,3,5,15,0.6,60,0.2,20,0,0,0,0,0,0,0,0,0,0,0,.,.,.,ExpertWitnessLocator,6,0,0,1,1,0,1,1,3,1,3,3.33
Rocky Reid,1,0,28,14,12,19,5,1,0,1,3,6,15,0.5,50,0.2,20,0,0,0,0,0,0,0,1,0,0,0,.,.,.,Bartender,19,0,0,1,2,0,0,3,3,1,2,3.29
Lisi Linares,1,0,36,14,11,21,7,4,0,9,2,3,15,0.666666667,66.6666667,0.133333333,13.3333333,0,0,0,0,0,0,0,1,0,0,0,.,.,.,CustomerServiceRep,33,0,0,1,3,1,0,3,3,0,3,3
Michelle Yi,1,0,23,14,10,24,3,4,0,4,3,5,15,0.6,60,0.2,20,0,0,0,0,0,0,1,1,0,0,0,.,.,.,Student,41,0.5,0,0,1,0,1,1,4,0,2,0.89
Edgardo Rivera,1,0,28,14,9,27,5,4,0,10,4,5,15,0.8,80,0.266666667,26.6666667,0,0,0,0,0,0,1,1,0,0,0,.,.,.,AdExecutive,2,0,0,1,1,0,1,2,3,1,2,1.8
Mookie Lee,1,0,25,14,8,30,6,1,0,1,5,10,15,0.5,50,0.333333333,33.3333333,1,0,0,0,0,1,1,1,0,0,0,.,.,.,BusinessConsultant,5,0,0,1,1,0,1,2,4,1,2,2.27
Alex Angarita,1,0,28,14,7,33,9,4,0,10,6,8,15,0.75,75,0.4,40,0,1,0,0,0,1,1,1,0,0,0,.,.,.,Attorney,18,0,0,1,1,0,1,1,3,1,2,4.33
Stacy Kimball,1,0,27,14,6,36,4,8,1,15,5,6,15,0.833333333,83.3333333,0.333333333,33.3333333,0,0,0,0,0,0,1,1,0,0,0,.,.,.,WebProducer,8,0,0,1,1,0,1,3,3,0,2,0.92
Boo Bernis,1,0,34,14,5,37,5,9,2,17,3,6,15,0.5,50,0.2,20,0,0,0,0,0,0,1,1,0,0,0,.,.,.,ConstructionWorker,7,0.5,0,0,3,1,0,3,3,1,3,1.43
YauMan Chan,1,1,54,14,4,38,9,6,2,9,8,10,15,0.8,80,0.533333333,53.3333333,1,1,4,1,0,16,1,1,0,0,0,.,.,.,ComputerEngineer,8,0,0,1,1,0,1,1,2,1,5,3.29
Cassandra Franklin,1,0,42,14,2,39,5,7,0,14,5,7,15,0.714285714,71.4285714,0.333333333,33.3333333,0,0,0,0,0,0,1,0,1,1,0,0,0,0,CollegeAdministrator,1,0,0,1,1,0,1,1,3,0,4,1.57
Dreamz Herd,1,0,25,14,2,39,2,5,1,12,9,11,15,0.818181818,81.8181818,0.6,60,0,0,0,0,0,0,1,0,1,1,0,0,0,0,CheerleadingCoach,10,0,0,1,3,1,0,3,4,1,2,3.14
Earl Cole,1,0,35,14,1,39,1,4,0,6,8,9,15,0.888888889,88.8888889,0.533333333,53.3333333,1,1,0,0,0,2,1,0,1,0,1,9,1,100,AdExecutive,2,0,0,1,1,0,1,1,3,1,3,4.21
Chicken Morris,1,0,47,15,16,3,5,0,0,0,0,1,13,0,0,0,0,0,0,0,0,0,0,0,0,0,0,0,.,.,.,ChickenFarmer,3,1,1,0,3,1,0,3,2,1,4,5
Ashley Massaro,1,0,28,15,15,6,8,0,0,0,0,2,13,0,0,0,0,0,0,0,0,0,0,0,0,0,0,0,.,.,.,ProfessionalWrestler,36,0,0,1,2,0,0,3,3,0,2,3
Leslie Nease,1,0,38,15,14,9,6,2,0,3,0,1,13,0,0,0,0,0,0,0,0,0,0,0,0,0,0,0,.,.,.,ChristianRadioHost,19,1,1,0,2,0,0,1,3,0,3,5.33
Dave Cruser,1,0,37,15,13,12,6,1,0,2,1,3,13,0.333333333,33.3333333,0.076923077,7.6923077,0,0,0,0,0,0,0,0,0,0,0,.,.,.,Bartender,15,0,0,1,2,0,0,2,3,1,3,4
Aaron Reisberger,1,0,32,15,12,15,3,3,0,5,1,2,13,0.5,50,0.076923077,7.6923077,0,0,0,0,0,0,0,0,0,0,0,.,.,.,SurfingInstructor,10,0,0,1,2,0,0,2,3,1,3,2
Sherea Loyd,1,0,26,15,11,18,6,2,0,4,3,4,13,0.75,75,0.230769231,23.0769231,0,0,0,0,0,0,0,0,0,0,0,.,.,.,ElementaryTeacher,10,1,1,0,1,0,1,3,4,0,2,2
Jaime Dugan,1,0,22,15,10,21,7,2,0,3,4,5,13,0.8,80,0.307692308,30.7692308,0,0,0,0,0,0,1,1,0,0,0,.,.,.,Student,41,0,0,1,1,0,1,2,4,0,2,2.71
JeanRobert Bellande,1,0,36,15,9,24,12,4,0,8,3,4,13,0.75,75,0.230769231,23.0769231,0,0,0,0,0,0,1,1,0,0,0,.,.,.,PokerPlayer,19,0,0,1,2,0,0,1,3,1,3,2.38
Frosti Zernow,1,0,20,15,8,27,7,3,1,6,6,7,13,0.857142857,85.7142857,0.461538462,46.1538462,0,0,0,0,0,0,1,1,0,0,0,.,.,.,Student,41,0,0,1,2,0,0,3,4,1,2,1.89
James Clement,1,1,30,15,7,30,9,4,0,7,4,6,13,0.666666667,66.6666667,0.307692308,30.7692308,1,0,0,0,0,1,1,1,0,0,0,.,.,.,Gravedigger,6,0,0,1,2,0,0,3,3,1,3,3.1
Erik Huffman,1,0,26,15,6,33,5,3,1,5,6,9,13,0.666666667,66.6666667,0.461538462,46.1538462,0,0,0,0,0,0,1,1,0,0,0,.,.,.,Musician,28,0,0,1,2,0,0,2,4,1,2,1.91
PeihGee Law,1,1,29,15,5,36,8,4,2,8,5,10,13,0.5,50,0.384615385,38.4615385,0,0,0,0,0,0,1,1,0,0,0,.,.,.,Jeweler,4,0,0,1,2,0,0,1,3,0,2,3.58
Denise Martin,1,0,40,15,4,38,3,4,0,9,7,9,13,0.777777778,77.7777778,0.538461538,53.8461538,0,0,0,0,0,0,1,1,0,0,0,.,.,.,SchoolLunchLady,15,0.5,0,0,3,1,0,2,2,0,4,2.54
Amanda Kimmel,1,1,22,15,3,39,0,6,2,12,9,9,13,1,100,0.692307692,69.2307692,1,1,1,1,0,13,1,0,1,1,0,1,0.142857143,14.2857143,HikingGuide,29,1,1,0,2,0,0,1,4,0,2,3.08
Courtney Yates,1,1,26,15,2,39,0,5,1,9,7,9,13,0.777777778,77.7777778,0.538461538,53.8461538,0,0,0,0,0,0,1,0,1,1,0,2,0.285714286,28.5714286,Waitress,15,0,0,1,2,0,0,1,4,0,2,1.77
Todd Herzog,1,0,22,15,1,39,5,4,0,8,9,9,13,1,100,0.692307692,69.2307692,1,0,0,0,0,1,1,0,1,0,1,4,0.571428571,57.1428571,FlightAttendant,15,1,1,0,3,1,0,1,4,1,2,4.62
Jon Dalton,2,0,33,16,20,3,9,0,0,0,0,1,14,0,0,0,0,0,0,0,0,0,0,0,0,0,0,0,.,.,.,ArtConsulant,4,0,0,1,1,0,1,1,3,1,3,8
Mary Sartain,1,0,29,16,19,6,6,1,0,1,0,1,14,0,0,0,0,0,0,0,0,0,0,0,0,0,0,0,.,.,.,RealEstateManager,31,1,1,0,1,0,1,2,3,0,2,1
Yau-Man Chan,2,0,55,16,18,8,6,2,1,3,1,2,14,0.5,50,0.071428571,7.1428571,0,0,0,0,0,0,0,0,0,0,0,.,.,.,ComputerEngineer,8,0,0,1,1,0,1,1,2,1,5,1
Mikey Bortone,1,0,34,16,17,11,6,2,0,2,0,2,14,0,0,0,0,0,0,0,0,0,0,0,0,0,0,0,.,.,.,AspiringWriter,20,1,1,0,2,0,0,1,3,1,3,2.25
Joel Anderson,1,0,32,16,16,14,6,2,0,2,1,3,14,0.333333333,33.3333333,0.071428571,7.1428571,0,0,0,0,0,0,0,0,0,0,0,.,.,.,Firefighter,6,1,1,0,3,1,0,3,3,1,3,2.8
Jonathan Penner,2,1,45,16,15,15,0,3,0,7,1,2,14,0.5,50,0.071428571,7.1428571,0,0,0,0,0,0,0,0,0,0,0,.,.,.,Writer,20,0,0,1,2,0,0,1,2,1,4,2.33
Chet Welch,1,0,48,16,14,17,12,2,0,2,3,4,14,0.75,75,0.214285714,21.4285714,0,0,0,0,0,0,0,0,0,0,0,.,.,.,PageantCoach,10,0,0,1,2,0,0,2,2,1,4,0.5
Kathy Sleckman,1,0,45,16,13,19,0,5,1,7,2,2,14,1,100,0.142857143,14.2857143,0,0,0,0,0,0,0,0,0,0,0,.,.,.,GolfCourseVendor,33,1,1,0,3,1,0,1,2,0,4,2.57
Tracy Hughes Wolf,1,0,43,16,12,20,7,2,0,3,3,5,14,0.6,60,0.214285714,21.4285714,0,0,0,0,0,0,0,0,0,0,0,.,.,.,ResidentialBuilder,7,1,1,0,3,1,0,2,2,0,4,1.57
Ami Cusack,2,0,34,16,11,21,4,2,0,5,4,6,14,0.666666667,66.6666667,0.285714286,28.5714286,0,0,0,0,0,0,0,0,0,0,0,.,.,.,Nanny,14,0,0,1,2,0,0,2,3,0,3,1.63
Eliza Orlins,2,0,25,16,10,24,8,6,0,10,2,3,14,0.666666667,66.6666667,0.142857143,14.2857143,0,0,0,0,0,0,1,1,0,0,0,.,.,.,PreLawStudent,41,0,0,1,1,0,1,1,4,0,2,2.33
Ozzy Lusth,2,1,26,16,9,27,9,3,1,6,7,8,14,0.875,87.5,0.5,50,1,0,0,0,0,1,1,1,0,0,0,.,.,.,Photographer,4,0,0,1,2,0,0,3,4,1,2,3.1
Jason Siska,1,0,22,16,8,30,8,7,1,10,1,5,14,0.2,20,0.071428571,7.1428571,1,0,0,0,0,1,1,1,0,0,0,.,.,.,GymnasticsCoach,10,1,1,0,2,0,0,3,4,1,2,1.91
James Clement,2,1,30,16,7,31,3,6,0,10,3,5,14,0.6,60,0.214285714,21.4285714,0,0,0,0,0,0,1,1,0,0,0,.,.,.,Gravediffer,6,0,0,1,2,0,0,3,3,1,3,1.5
Alexis Jones,1,0,24,16,6,33,2,6,0,9,3,6,14,0.5,50,0.214285714,21.4285714,0,0,0,0,0,0,1,1,0,0,0,.,.,.,MotivationalSpeaker,19,0,0,1,2,0,0,2,4,0,2,1.33
Erik Reichenbach,1,0,22,16,5,36,7,4,2,8,7,11,14,0.636363636,63.6363636,0.5,50,0,0,0,0,0,0,1,1,0,0,0,.,.,.,IceCreamScooper,15,1,1,0,2,0,0,1,4,1,2,3
Natalie Bolton,1,0,32,16,4,37,3,7,1,8,5,8,14,0.625,62.5,0.357142857,35.7142857,0,0,0,0,0,0,1,1,0,0,0,.,.,.,PersonalTrainer,12,1,1,0,2,0,0,3,3,0,3,1.21
Cirie Fields,2,1,37,16,3,38,3,2,0,5,11,12,14,0.916666667,91.6666667,0.785714286,78.5714286,0,0,0,0,0,0,1,1,0,0,0,.,.,.,Nurse,25,0,0,1,3,1,0,1,3,0,3,3.71
Amanda Kimmel,2,1,23,16,2,39,4,4,2,8,11,12,14,0.916666667,91.6666667,0.785714286,78.5714286,1,1,4,1,0,16,1,0,1,1,0,3,0.375,37.5,HikingGuide,29,0,0,1,2,0,0,2,4,0,2,2.36
Parvati Shallow,2,1,25,16,1,39,4,7,1,11,8,8,14,1,100,0.571428571,57.1428571,1,0,0,0,0,1,1,0,1,0,1,5,0.625,62.5,CharityOrganizer,15,0,0,1,1,0,1,2,4,0,2,2.29
Michelle Chase,1,0,24,17,18,3,8,0,0,0,0,1,15,0,0,0,0,0,0,0,0,0,0,0,0,0,0,0,.,.,.,MusicAssistant,28,0,0,1,2,0,0,2,4,0,2,3
Gillian Larson,1,0,61,17,17,6,8,0,0,0,1,2,15,0.5,50,0.066666667,6.6666667,0,0,0,0,0,0,0,0,0,0,0,.,.,.,Nurse,25,1,1,0,3,1,0,1,2,0,6,3
Paloma Soto Castillo,1,0,23,17,16,9,7,2,0,3,0,1,15,0,0,0,0,0,0,0,0,0,0,0,0,0,0,0,.,.,.,Student,41,0,0,1,2,0,0,2,4,0,2,1.33
Jacquie Berg,1,0,25,17,15,12,5,2,0,3,1,2,15,0.5,50,0.066666667,6.6666667,0,0,0,0,0,0,0,0,0,0,0,.,.,.,MedicalSales,33,1,1,0,1,0,1,2,4,0,2,0.75
GC Brown,1,0,25,17,14,15,6,2,1,3,3,4,15,0.75,75,0.2,20,0,0,0,0,0,0,0,0,0,0,0,.,.,.,MaintenanceSuperviso,12,1,1,0,3,1,0,3,4,1,2,4
Kelly Czarnecki,1,0,22,17,13,18,8,2,0,3,2,4,15,0.5,50,0.133333333,13.3333333,0,0,0,0,0,0,0,0,0,0,0,.,.,.,RetailSalesManager,33,0,0,1,1,0,1,2,4,0,2,0.67
Ace Gordon,1,0,27,17,12,21,5,2,0,3,3,5,15,0.6,60,0.2,20,0,0,0,0,0,0,0,0,0,0,0,.,.,.,FashionPhotographer,4,1,1,0,2,0,0,3,3,1,2,2.57
Dan Kay,1,0,32,17,11,21,4,4,0,8,2,3,15,0.666666667,66.6666667,0.133333333,13.3333333,0,0,0,0,0,0,0,0,0,0,0,.,.,.,Attorney,18,0,0,1,1,0,1,1,3,1,3,1.57
Marcus Lehman,1,0,28,17,10,24,3,7,2,11,1,3,15,0.333333333,33.3333333,0.066666667,6.6666667,0,0,0,0,0,0,0,1,0,0,0,.,.,.,ResidentPhysician,40,0,0,1,1,0,1,1,3,1,2,3.38
Charlie Herschel,1,0,29,17,9,27,5,6,0,11,2,3,15,0.666666667,66.6666667,0.133333333,13.3333333,0,0,0,0,0,0,1,1,0,0,0,.,.,.,Lawyer,18,0,0,1,1,0,1,1,3,1,2,1.67
Randy Bailey,1,1,49,17,8,30,5,5,0,10,2,5,15,0.4,40,0.133333333,13.3333333,1,0,0,0,0,1,1,1,0,0,0,.,.,.,WeddingVideographer,4,1,1,0,2,0,0,1,2,1,4,4.7
Corinne Kaplan,1,1,29,17,7,33,4,6,0,11,2,5,15,0.4,40,0.133333333,13.3333333,0,0,0,0,0,0,1,1,0,0,0,.,.,.,SalesRepresentative,33,0,0,1,1,0,1,2,3,0,2,2.45
Crystal Cox,1,0,29,17,6,36,11,1,0,2,10,11,15,0.909090909,90.9090909,0.666666667,66.6666667,0,0,0,0,0,0,1,1,0,0,0,.,.,.,OlympicChampion,36,1,1,0,2,0,0,3,3,0,2,2.83
Ken Hoang,1,0,22,17,5,37,7,2,1,3,9,12,15,0.75,75,0.6,60,0,0,0,0,0,0,1,1,0,0,0,.,.,.,ProfessionalGamer,19,1,1,0,2,0,0,1,4,1,2,3.38
Matty Whitmore,1,0,29,17,4,38,7,2,0,4,10,12,15,0.833333333,83.3333333,0.666666667,66.6666667,0,1,2,0,0,3,1,1,0,0,0,.,.,.,ProfessionalTrainer,13,0,0,1,2,0,0,3,3,1,2,3
Sugar Kiper,1,1,29,17,3,39,0,4,1,5,10,10,15,1,100,0.666666667,66.6666667,1,0,0,0,0,1,1,0,1,1,0,0,0,0,PinUpModel,19,0,0,1,2,0,0,2,3,0,2,3.92
Susie Smith,1,0,47,17,2,39,7,6,2,10,9,10,15,0.9,90,0.6,60,0,0,0,0,0,0,1,0,1,1,0,3,0.428571429,42.8571429,Hairdresser,37,1,1,0,2,0,0,3,2,0,4,1.92
Bob Crowley,1,0,57,17,1,39,2,8,3,14,5,9,15,0.555555556,55.5555556,0.333333333,33.3333333,0,0,0,0,0,0,1,0,1,0,1,4,0.571428571,57.1428571,PhysicsTeacher,10,0,0,1,1,0,1,1,2,1,5,2.38
Carolina Eastwood,1,0,26,18,16,3,7,0,0,0,0,1,12,0,0,0,0,0,0,0,0,0,0,0,0,0,0,0,.,.,.,Bartender,15,0,0,1,2,0,0,2,4,0,2,4
Candace Smith,1,0,31,18,15,6,7,1,0,1,0,1,12,0,0,0,0,0,0,0,0,0,0,0,0,0,0,0,.,.,.,Attorney,18,0,0,1,1,0,1,1,3,0,3,2.5
Jerry Sims,1,0,49,18,14,9,6,1,0,1,1,2,12,0.5,50,0.083333333,8.3333333,0,0,0,0,0,0,0,0,0,0,0,.,.,.,SgtUSArmy,26,0,0,1,3,1,0,3,2,1,4,1.33
Sandy Burgin,1,0,53,18,13,12,6,2,0,4,1,2,12,0.5,50,0.083333333,8.3333333,0,0,0,0,0,0,0,0,0,0,0,.,.,.,BusDriver,39,1,1,0,3,1,0,1,2,0,5,2.75
Spencer Duhm,1,0,18,18,12,15,5,2,0,5,2,3,12,0.666666667,66.6666667,0.166666667,16.6666667,0,0,0,0,0,0,0,0,0,0,0,.,.,.,Student,41,1,1,0,2,0,0,1,4,1,1,2.6
Sydney Wheeler,1,0,24,18,11,18,4,2,0,5,3,4,12,0.75,75,0.25,25,0,0,0,0,0,0,0,0,0,0,0,.,.,.,Model,19,0,0,1,2,0,0,2,4,0,2,1.17
Joe Dowdle,1,0,26,18,10,20,1,2,0,5,3,4,12,0.75,75,0.25,25,0,0,0,0,0,0,1,0,0,0,0,.,.,.,RealEstateSales,33,0,0,1,1,0,1,1,4,1,2,2.14
Brendan Synnott,1,0,30,18,9,24,4,4,0,6,2,3,12,0.666666667,66.6666667,0.166666667,16.6666667,1,0,0,0,0,1,1,1,0,0,0,.,.,.,Entrepreneur,21,0,0,1,1,0,1,1,3,1,3,4.25
Tyson Apostol,1,1,29,18,8,27,5,5,1,8,2,4,12,0.5,50,0.166666667,16.6666667,0,0,0,0,0,0,1,1,0,0,0,.,.,.,FormerProfessionalCy,36,0,0,1,2,0,0,3,3,1,2,2.44
Sierra Reed,1,0,23,18,7,30,11,4,0,5,3,5,12,0.6,60,0.25,25,0,0,0,0,0,0,1,1,0,0,0,.,.,.,Model,19,0,0,1,2,0,0,2,4,0,2,2.3
Debbie Beebe,1,0,46,18,6,33,6,5,1,8,4,6,12,0.666666667,66.6666667,0.333333333,33.3333333,0,0,0,0,0,0,1,1,0,0,0,.,.,.,SchoolPrincipal,10,0,0,1,1,0,1,1,2,0,4,1.27
Coach Wade,1,1,37,18,5,36,6,5,1,6,4,7,12,0.571428571,57.1428571,0.333333333,33.3333333,0,0,0,0,0,0,1,1,0,0,0,.,.,.,SoccerCoach,10,1,1,0,1,0,1,3,3,1,3,4.83
Taj Johnson George,1,0,37,18,4,37,7,2,0,5,7,10,12,0.7,70,0.583333333,58.3333333,1,0,0,0,0,1,1,1,0,0,0,.,.,.,FormerPopStar,28,0,0,1,2,0,0,2,3,0,3,2.46
Erinn Lobdell,1,0,26,18,3,38,5,4,0,6,6,8,12,0.75,75,0.5,50,0,0,0,0,0,0,1,1,0,0,0,.,.,.,Hairstylist,37,0,0,1,2,0,0,2,4,0,2,2.31
Stephen Fishbach,1,1,29,18,2,39,1,3,1,7,10,10,12,1,100,0.833333333,83.3333333,0,0,0,0,0,0,1,0,1,1,0,0,0,0,CorporateConsultant,1,0,0,1,1,0,1,1,3,1,2,4.69
JT Thomas,1,1,24,18,1,39,0,5,3,11,8,10,12,0.8,80,0.666666667,66.6666667,0,0,0,0,0,0,1,0,1,0,1,7,1,100,CattleRancher,3,1,1,0,3,1,0,3,4,1,2,5.46
Marisa Calihan,1,0,26,19,20,3,7,0,0,1,0,1,15,0,0,0,0,0,0,0,0,0,0,0,0,0,0,0,.,.,.,Student,41,0,0,1,1,0,1,2,4,0,2,3
Mike Borassi,1,0,62,19,19,5,0,0,0,1,1,1,15,1,100,0.066666667,6.6666667,0,0,0,0,0,0,0,0,0,0,0,.,.,.,PrivateChef,15,1,1,0,3,1,0,3,2,1,6,2.5
Betsy Bolan,1,0,48,19,18,6,7,0,0,1,0,2,15,0,0,0,0,0,0,0,0,0,0,0,0,0,0,0,.,.,.,PoliceOfficer,17,1,1,0,3,1,0,3,2,0,4,2.5
Ben Browning,1,0,28,19,17,8,7,0,0,1,2,3,15,0.666666667,66.6666667,0.133333333,13.3333333,0,0,0,0,0,0,0,0,0,0,0,.,.,.,BarManager,15,0,0,1,2,0,0,2,3,1,2,1.67
Yasmin Giles,1,0,33,19,16,11,8,3,0,4,0,1,15,0,0,0,0,0,0,0,0,0,0,0,0,0,0,0,.,.,.,Hairstylist,37,0,0,1,2,0,0,2,3,0,3,0.75
Ashley Trainer,1,0,22,19,15,14,9,1,0,2,3,4,15,0.75,75,0.2,20,0,0,0,0,0,0,0,0,0,0,0,.,.,.,SpaSales,33,0.5,0,0,1,0,1,2,3,0,2,2
Russell Swan,1,1,42,19,14,15,0,4,0,6,1,1,15,1,100,0.066666667,6.6666667,0,0,0,0,0,0,0,0,0,0,0,.,.,.,Attorney,18,1,1,0,1,0,1,3,3,1,4,2.83
Liz Kim,1,0,33,19,13,18,5,1,0,2,4,5,15,0.8,80,0.266666667,26.6666667,0,0,0,0,0,0,0,0,0,0,0,.,.,.,UrbanPlanner,7,0,0,1,1,0,1,1,3,0,3,1.43
Erik Cardona,1,0,28,19,12,21,10,5,0,8,1,2,15,0.5,50,0.066666667,6.6666667,1,0,0,0,0,1,1,1,0,0,0,.,.,.,Bartender,15,0,0,1,2,0,0,3,4,1,2,2.25
Kelly Sharbaugh,1,0,25,19,11,24,4,5,0,9,2,3,15,0.666666667,66.6666667,0.133333333,13.3333333,0,0,0,0,0,0,1,1,0,0,0,.,.,.,Hairstylist,37,0,0,1,2,0,0,2,4,0,2,0.89
Laura Morett,1,1,39,19,10,27,10,7,2,11,2,4,15,0.5,50,0.133333333,13.3333333,0,0,0,0,0,0,1,1,0,0,0,.,.,.,OfficeManager,21,0.5,0,0,1,0,1,3,3,0,3,1.6
John Fincher,1,0,25,19,9,30,7,6,1,10,2,5,15,0.4,40,0.133333333,13.3333333,0,0,0,0,0,0,1,1,0,0,0,.,.,.,RocketScientist,34,0,0,1,1,0,1,1,4,1,2,1.91
Dave Ball,1,0,38,19,8,31,8,5,0,10,3,6,15,0.5,50,0.2,20,0,0,0,0,0,0,1,1,0,0,0,.,.,.,FitnessInstructor,12,0,0,1,2,0,0,1,3,1,3,1.33
Monica Padilla,1,1,25,19,7,33,7,5,0,9,4,7,15,0.571428571,57.1428571,0.266666667,26.6666667,0,0,0,0,0,0,1,1,0,0,0,.,.,.,LawStudent,41,0,0,1,2,0,0,1,4,0,2,1.25
Shambo Waters,1,0,45,19,6,36,6,5,0,10,3,8,15,0.375,37.5,0.2,20,0,0,0,0,0,0,1,1,0,0,0,.,.,.,FormerMarine,26,1,1,0,3,1,0,3,2,0,4,3
Jaison Robinson,1,0,28,19,5,37,7,3,2,5,12,13,15,0.923076923,92.3076923,0.8,80,0,0,0,0,0,0,1,1,0,0,0,.,.,.,LawStudent,41,0,0,1,2,0,0,1,3,1,2,2.36
Brett Clouser,1,0,23,19,4,38,3,8,3,12,5,10,15,0.5,50,0.333333333,33.3333333,0,0,0,0,0,0,1,1,0,0,0,.,.,.,TShirtDesigner,4,0,0,1,2,0,0,2,4,1,2,0.86
Mick Trimming,1,0,33,19,3,39,4,2,1,3,13,14,15,0.928571429,92.8571429,0.866666667,86.6666667,0,0,0,0,0,0,1,0,1,1,0,0,0,0,Doctor,40,0,0,1,1,0,1,1,3,1,3,2.07
Russell Hantz,1,1,36,19,2,39,9,2,1,5,14,14,15,1,100,0.933333333,93.3333333,3,2,7,1,0,22,1,0,1,1,0,2,0.222222222,22.2222222,OilCompanyOwner,21,0.5,0,0,1,0,1,3,3,1,3,7.71
Natalie White,1,0,26,19,1,39,8,1,0,3,14,14,15,1,100,0.933333333,93.3333333,0,0,0,0,0,0,1,0,1,0,1,7,0.777777778,77.7777778,PharmaceuticalSales,33,0.5,0,0,1,0,1,2,4,0,2,1.07
Sugar Kiper,2,0,30,20,20,3,9,0,0,1,0,1,17,0,0,0,0,0,0,0,0,0,0,0,0,0,0,0,.,.,.,PinUpModel,19,0,0,1,2,0,0,2,3,0,3,2
Stephenie Lagrossa,3,0,29,20,19,6,6,0,0,1,1,2,17,0.5,50,0.058823529,5.8823529,0,0,0,0,0,0,0,0,0,0,0,.,.,.,PharmaceuticalSalesR,33,0,0,1,1,0,1,2,3,0,2,3
Randy Bailey,2,0,50,20,18,8,9,2,0,2,0,1,17,0,0,0,0,0,0,0,0,0,0,0,0,0,0,0,.,.,.,WeddingVideographer,4,0,0,1,2,0,0,1,2,1,5,1.67
Cirie Fields,3,1,39,20,17,11,3,1,0,2,2,3,17,0.666666667,66.6666667,0.117647059,11.7647059,0,0,0,0,0,0,0,0,0,0,0,.,.,.,Nurse,25,0,0,1,3,1,0,1,3,0,3,1.75
Tom Westman,2,0,45,20,16,14,8,1,0,2,2,4,17,0.5,50,0.117647059,11.7647059,1,1,3,0,1,10,0,0,0,0,0,.,.,.,MotivationalSpeaker,19,0,0,1,2,0,0,3,2,1,4,3.4
Tyson Apostol,2,1,30,20,15,15,3,4,0,7,1,2,17,0.5,50,0.058823529,5.8823529,0,0,0,0,0,0,0,0,0,0,0,.,.,.,FormerProfessionalCy,36,0,0,1,2,0,0,3,3,1,3,1
James Clement,3,0,32,20,14,15,7,1,0,2,3,5,17,0.6,60,0.176470588,17.6470588,0,0,0,0,0,0,0,0,0,0,0,.,.,.,Gravedigger,6,0,0,1,2,0,0,3,3,1,3,1.33
Rob Mariano,3,1,33,20,13,18,5,5,1,8,1,3,17,0.333333333,33.3333333,0.058823529,5.8823529,0,0,0,0,0,0,0,0,0,0,0,.,.,.,AspiringPokerPlayer,19,0,0,1,2,0,0,1,3,1,3,2.86
Coach Wade,2,1,38,20,12,21,4,4,0,7,1,4,17,0.25,25,0.058823529,5.8823529,0,0,0,0,0,0,0,1,0,0,0,.,.,.,SoccerCoach,10,0,0,1,2,0,0,3,3,1,3,4
Courtney Yates,2,0,28,20,11,24,9,4,0,8,2,5,17,0.4,40,0.117647059,11.7647059,0,0,0,0,0,0,0,1,0,0,0,.,.,.,Waitress,15,0,0,1,2,0,0,1,4,0,2,0.44
JT Thomas,2,1,25,20,10,27,5,4,0,7,5,6,17,0.833333333,83.3333333,0.294117647,29.4117647,1,0,0,0,0,1,1,1,0,0,0,.,.,.,CattleRancher,3,0,0,1,3,1,0,3,4,1,2,2.8
Amanda Kimmel,3,0,25,20,9,30,10,4,0,8,4,7,17,0.571428571,57.1428571,0.235294118,23.5294118,0,0,0,0,0,0,1,1,0,0,0,.,.,.,AspiringDesigner,4,0,0,1,2,0,0,2,4,0,2,2.09
Candice Woodcock,2,1,26,20,8,31,5,5,1,8,5,8,17,0.625,62.5,0.294117647,29.4117647,0,0,0,0,0,0,1,1,0,0,0,.,.,.,Physician,40,0,0,1,1,0,1,1,4,0,2,1
Danielle DiLorenzo,2,0,28,20,7,33,4,5,1,10,7,9,17,0.777777778,77.7777778,0.411764706,41.1764706,0,0,0,0,0,0,1,1,0,0,0,.,.,.,MedicalSalesRep,33,0,0,1,1,0,1,2,4,0,2,0.67
Rupert Boneham,2,1,45,20,6,36,10,4,0,7,6,10,17,0.6,60,0.352941176,35.2941176,0,0,0,0,0,0,1,1,0,0,0,.,.,.,TroubledTeensMentor,35,0,0,1,2,0,0,3,3,1,4,2.92
Colby Donaldson,3,0,35,20,5,37,7,4,0,8,5,11,17,0.454545455,45.4545455,0.294117647,29.4117647,0,0,0,0,0,0,1,1,0,0,0,.,.,.,AutoCustomizer,27,0,0,1,3,1,0,3,3,1,3,1.71
Jerri Manthey,3,0,38,20,4,38,9,5,1,10,9,12,17,0.75,75,0.529411765,52.9411765,0,0,0,0,0,0,1,1,0,0,0,.,.,.,AspiringActress,19,0,0,1,2,0,0,2,3,0,3,1.5
Russell Hantz,2,1,36,20,3,39,5,6,2,10,11,12,17,0.916666667,91.6666667,0.647058824,64.7058824,2,2,4,1,0,18,1,0,1,1,0,0,0,0,OilCompanyOwner,21,0,0,1,1,0,1,3,3,1,3,4.86
Parvati Shallow,3,0,26,20,2,39,8,7,3,11,10,12,17,0.833333333,83.3333333,0.588235294,58.8235294,1,2,5,0,1,13,1,0,1,1,0,3,0.333333333,33.3333333,CharityOrganizer,35,0,0,1,1,0,1,2,4,0,2,2.86
Sandra Diaz Twine,2,1,35,20,1,39,3,4,0,8,8,12,17,0.666666667,66.6666667,0.470588235,47.0588235,1,1,2,0,0,4,1,0,1,0,1,6,0.666666667,66.6666667,OfficeAssistant,1,0,0,1,1,0,1,3,3,0,3,1.93
Wendy DeSmidt Kohlhoff,1,0,48,21,20,3,9,0,0,0,0,1,15,0,0,0,0,0,0,0,0,0,0,0,0,0,0,0,.,.,.,GoatRancher,3,1,1,0,3,1,0,3,2,0,4,2
Shannon Elkins,1,0,30,21,19,6,7,1,0,2,0,1,15,0,0,0,0,0,0,0,0,0,0,0,0,0,0,0,.,.,.,PestControlCompanyOw,21,0,0,1,1,0,1,3,3,1,3,4.5
Jimmy Johnson,1,0,67,21,18,8,8,1,0,1,1,2,15,0.5,50,0.066666667,6.6666667,0,0,0,0,0,0,0,0,0,0,0,.,.,.,FormerNFLCoach,36,1,1,0,1,0,1,1,1,1,6,4
Jimmy Tarantino,1,0,48,21,17,11,5,1,0,1,2,3,15,0.666666667,66.6666667,0.133333333,13.3333333,0,0,0,0,0,0,0,0,0,0,0,.,.,.,Fisherman,23,1,1,0,3,1,0,3,2,1,4,2.75
Tyrone Davis,1,0,42,21,16,14,6,1,0,2,3,4,15,0.75,75,0.2,20,0,0,0,0,0,0,0,0,0,0,0,.,.,.,FireCaptain,6,1,1,0,3,1,0,3,3,1,4,1.6
Kelly Bruno,1,0,26,21,15,15,8,4,0,6,1,2,15,0.5,50,0.066666667,6.6666667,0,0,0,0,0,0,0,0,0,0,0,.,.,.,MedicalStudent,41,0,0,1,1,0,1,2,4,0,2,1.17
Yve Rojas,1,0,41,21,14,15,7,1,0,2,3,5,15,0.6,60,0.2,20,0,0,0,0,0,0,0,0,0,0,0,.,.,.,Homemaker,14,0,0,1,2,0,0,2,3,0,4,1
Jill Behm,1,0,43,21,13,18,3,3,1,4,3,5,15,0.6,60,0.2,20,0,0,0,0,0,0,0,0,0,0,0,.,.,.,ERDoctor,40,1,1,0,1,0,1,1,3,0,4,2
Alina Wilson,1,0,23,21,12,22,10,4,0,7,2,4,15,0.5,50,0.133333333,13.3333333,0,0,0,0,0,0,1,1,0,0,0,.,.,.,ArtStudent,41,1,1,0,1,0,1,1,4,0,2,2.25
Marty Piombo,1,0,48,21,11,24,15,2,0,4,4,7,15,0.571428571,57.1428571,0.266666667,26.6666667,1,0,0,0,0,1,1,1,0,0,0,.,.,.,TechnologyExecutive,8,1,1,0,1,0,1,1,2,1,4,4.67
Brenda Lowe,1,1,27,21,10,27,13,5,1,7,5,6,15,0.833333333,83.3333333,0.333333333,33.3333333,0,0,0,0,0,0,1,1,0,0,0,.,.,.,PaddleboardCompanyOw,21,0,0,1,1,0,1,3,4,0,2,2.7
NaOnka Mixon,1,0,27,21,9,28,3,4,0,9,6,6,15,1,100,0.4,40,1,0,0,0,0,1,1,1,0,0,0,.,.,.,PETeacher,10,.,0,0,1,0,1,3,4,0,2,4.45
Kelly Shinn,1,0,20,21,8,28,0,4,0,7,5,6,15,0.833333333,83.3333333,0.333333333,33.3333333,0,0,0,0,0,0,1,1,0,0,0,.,.,.,NursingStudent,41,0,0,1,1,0,1,3,4,0,2,0.45
Benry Henry,1,0,24,21,7,32,5,4,0,9,5,7,15,0.714285714,71.4285714,0.333333333,33.3333333,0,0,0,0,0,0,1,1,0,0,0,.,.,.,ClubPromoter,19,0,0,1,2,0,0,2,4,1,2,1.67
Jane Bright,1,0,56,21,6,36,11,4,2,6,5,10,15,0.5,50,0.333333333,33.3333333,0,0,0,0,0,0,1,1,0,0,0,.,.,.,DogTrainer,3,1,1,0,2,0,0,1,2,0,5,2.54
Dan Lembo,1,0,63,21,5,37,9,2,0,6,8,11,15,0.727272727,72.7272727,0.533333333,53.3333333,0,0,0,0,0,0,1,1,0,0,0,.,.,.,RealEstateExecutive,31,0,0,1,1,0,1,3,2,1,6,0.93
Holly Hoffman,1,0,44,21,4,38,4,3,1,6,10,12,15,0.833333333,83.3333333,0.666666667,66.6666667,0,0,0,0,0,0,1,1,0,0,0,.,.,.,SwimCoach,10,1,1,0,2,0,0,3,3,0,4,2.36
Sash Lenahan,1,0,30,21,3,39,2,5,1,8,9,10,15,0.9,90,0.6,60,0,1,1,0,0,2,1,0,1,1,0,0,0,0,RealEstateBroker,31,0,0,1,1,0,1,2,3,1,3,2.21
Chase Rice,1,0,24,21,2,39,1,4,0,11,10,10,15,1,100,0.666666667,66.6666667,0,1,0,0,0,1,1,0,1,1,0,4,0.444444444,44.4444444,ProRacecarJackman,27,0,0,1,3,1,0,3,4,1,2,2.57
Fabio Birza,1,0,21,21,1,39,2,8,4,12,6,10,15,0.6,60,0.4,40,0,0,0,0,0,0,1,0,1,0,1,5,0.555555556,55.5555556,Student,41,0,0,1,2,0,0,2,4,1,2,2.86
Francesca Hogi,1,1,36,22,18,6,4,0,0,0,0,1,17,0,0,0,0,0,0,0,0,0,0,0,0,0,0,0,.,.,.,Attorney,18,0,0,1,1,0,1,1,3,0,3,3.67
Russell Hantz,3,0,37,22,17,10,8,2,0,2,0,1,17,0,0,0,0,0,0,0,0,0,0,0,0,0,0,0,.,.,.,OilCompanyOwner,21,0,0,1,1,0,1,3,3,1,3,3.75
Kristina Kell,1,0,46,22,16,12,9,1,0,1,0,3,17,0,0,0,0,1,1,2,0,0,4,0,0,0,0,0,.,.,.,LawStudent,41,1,1,0,1,0,1,2,3,0,4,2.4
Krista Klumpp,1,0,25,22,15,14,6,3,0,3,0,2,17,0,0,0,0,0,0,0,0,0,0,0,0,0,0,0,.,.,.,PharmaceuticalRepres,33,0,0,1,1,0,1,2,4,0,2,0.83
Stephanie Valencia,1,0,26,22,14,17,8,3,0,3,0,3,17,0,0,0,0,0,0,0,0,0,0,0,0,0,0,0,.,.,.,Waitress,15,1,1,0,2,0,0,2,4,0,2,2
Sarita White,1,0,36,22,13,19,6,3,0,3,2,4,17,0.5,50,0.117647059,11.7647059,0,0,0,0,0,0,0,0,0,0,0,.,.,.,VisualEffectsProduce,4,0,0,1,2,0,0,1,3,0,3,1.25
David Murphy,1,0,31,22,12,25,8,3,0,3,3,7,17,0.428571429,42.8571429,0.176470588,17.6470588,0,0,0,0,0,0,1,1,0,0,0,.,.,.,DefenseAttorney,18,0,0,1,1,0,1,1,3,1,3,1.7
Julie Wolfe,1,0,50,22,11,28,6,3,0,3,3,8,17,0.375,37.5,0.176470588,17.6470588,0,0,0,0,0,0,1,1,0,0,0,.,.,.,Firefighter,6,0,0,1,3,1,0,3,2,0,5,1.45
Steve Wright,1,0,51,22,10,31,9,3,0,3,3,10,17,0.3,30,0.176470588,17.6470588,0,0,0,0,0,0,1,1,0,0,0,.,.,.,ExNFLPlayer,36,0,0,1,1,0,1,3,2,1,5,1.92
Ralph Kiser,1,0,45,22,9,33,10,3,0,4,3,9,17,0.333333333,33.3333333,0.176470588,17.6470588,1,1,0,0,0,2,1,1,0,0,0,.,.,.,Farmer,3,1,1,0,3,1,0,3,3,1,4,1.46
Grant Mattos,1,0,29,22,8,36,10,6,2,6,9,11,17,0.818181818,81.8181818,0.529411765,52.9411765,0,0,0,0,0,0,1,1,0,0,0,.,.,.,ExNFLPlayer,36,0,0,1,1,0,1,3,4,1,2,1
Matthew Elrod,1,1,22,22,7,36,10,0,0,10,1,3,17,0.333333333,33.3333333,0.058823529,5.8823529,0,0,0,0,0,0,1,1,0,0,0,.,.,.,PreMedStudent,41,0,0,1,1,0,1,1,4,1,2,2.14
Mike Chiesl,1,0,31,22,6,36,6,3,0,7,4,6,17,0.666666667,66.6666667,0.235294118,23.5294118,0,0,0,0,0,0,1,1,0,0,0,.,.,.,IraqWarVeteran,26,0.5,0,0,3,1,0,1,3,1,3,1.93
Andrea Boehlke,1,1,21,22,5,37,9,5,1,7,7,11,17,0.636363636,63.6363636,0.411764706,41.1764706,0,0,0,0,0,0,1,1,0,0,0,.,.,.,Student,41,0,0,1,1,0,1,2,4,0,2,1.64
Ashley Underwood,1,0,25,22,4,38,3,6,2,6,11,13,17,0.846153846,84.6153846,0.647058824,64.7058824,0,0,0,0,0,0,1,1,0,0,0,.,.,.,Nurse,25,0,0,1,3,1,0,2,4,0,2,1.64
Natalie Tenerelli,1,0,19,22,3,39,1,5,1,5,12,13,17,0.923076923,92.3076923,0.705882353,70.5882353,0,0,0,0,0,0,1,0,1,1,0,0,0,0,ProfessionalDancer,19,0,0,1,2,0,0,2,4,0,1,1
Phillip Sheppard,1,1,52,22,2,39,17,4,0,4,12,13,17,0.923076923,92.3076923,0.705882353,70.5882353,0,0,0,0,0,0,1,0,1,1,0,1,0.111111111,11.1111111,FormerFederalAgent,26,0,0,1,3,1,0,1,2,1,5,2.93
Rob Mariano,4,0,34,22,1,39,7,8,4,8,12,13,17,0.923076923,92.3076923,0.705882353,70.5882353,1,1,1,0,0,3,1,0,1,0,1,8,0.888888889,88.8888889,AspiringPokerPlayer,19,0,0,1,2,0,0,1,3,1,3,6.93
Semhar Tadesse,1,0,24,23,18,6,8,0,0,1,0,1,17,0,0,0,0,0,0,0,0,0,0,0,0,0,0,0,.,.,.,SpokenWordArtist,4,0,0,1,2,0,0,2,4,0,2,1.33
Mark Caruso,1,0,48,23,17,9,6,1,0,2,1,2,17,0.5,50,0.058823529,5.8823529,0,0,0,0,0,0,0,0,0,0,0,.,.,.,RetiredNYPDDetective,17,1,1,0,3,1,0,3,2,1,4,1.25
Stacey Powell,1,0,44,23,16,12,10,2,0,2,0,2,17,0,0,0,0,0,0,0,0,0,0,0,0,0,0,0,.,.,.,Mortician,37,1,1,0,3,1,0,1,3,0,4,1.6
Elyse Umemoto,1,0,27,23,15,15,3,2,0,3,2,3,17,0.666666667,66.6666667,0.117647059,11.7647059,0,0,0,0,0,0,0,0,0,0,0,.,.,.,DanceTeamManager,19,0,0,1,2,0,0,2,4,0,2,0.67
Mikayla Wingle,1,0,22,23,14,17,4,3,0,3,2,3,17,0.666666667,66.6666667,0.117647059,11.7647059,0,0,0,0,0,0,0,0,0,0,0,.,.,.,LingrieFootballPlaye,36,0,0,1,2,0,0,2,4,0,2,1.29
Christine Shields Markoski,1,0,39,23,13,19,4,1,0,6,0,1,17,0,0,0,0,0,0,0,0,0,0,0,0,0,0,0,.,.,.,Teacher,10,1,1,0,1,0,1,1,3,0,3,1.5
Jim Rice,1,0,35,23,12,25,8,4,1,5,3,7,17,0.428571429,42.8571429,0.176470588,17.6470588,0,0,0,0,0,0,1,1,0,0,0,.,.,.,MedicalMarijuanaDisp,21,1,1,0,1,0,1,1,3,1,3,2.4
Keith Tollefson,1,0,26,23,11,25,12,3,0,4,3,5,17,0.6,60,0.176470588,17.6470588,0,0,0,0,0,0,1,1,0,0,0,.,.,.,WaterTreatmentTech,11,0,0,1,1,0,1,2,4,1,2,0.6
Dawn Meehan,1,1,41,23,10,28,9,4,1,5,5,8,17,0.625,62.5,0.294117647,29.4117647,0,0,0,0,0,0,1,1,0,0,0,.,.,.,EnglishProfessor,10,1,1,0,1,0,1,1,3,0,4,2
Whitney Duncan,1,0,27,23,9,28,7,4,1,5,4,9,17,0.444444444,44.4444444,0.235294118,23.5294118,0,0,0,0,0,0,1,1,0,0,0,.,.,.,CountryMusicSinger,28,0,0,1,2,0,0,2,4,0,2,0.36
John Cochran,1,1,24,23,8,31,13,3,1,4,8,10,17,0.8,80,0.470588235,47.0588235,0,0,0,0,0,0,1,1,0,0,0,.,.,.,HarvardLawStudent,41,1,1,0,1,0,1,1,4,1,2,5
Edna Mia,1,0,35,23,7,33,15,4,0,4,7,10,17,0.7,70,0.411764706,41.1764706,0,0,0,0,0,0,1,1,0,0,0,.,.,.,Anesthesiologist,40,0,0,1,1,0,1,3,3,0,3,1.31
Brandon Hantz,1,1,19,23,6,36,4,4,0,5,10,11,17,0.909090909,90.9090909,0.588235294,58.8235294,0,0,0,0,0,0,1,1,0,0,0,.,.,.,OilTankerCrewman,22,1,1,0,3,1,0,3,4,1,1,2.14
Rick Nelson,1,0,51,23,5,37,15,4,0,4,10,12,17,0.833333333,83.3333333,0.588235294,58.8235294,0,0,0,0,0,0,1,1,0,0,0,.,.,.,Rancher,3,1,1,0,3,1,0,3,2,1,5,0.57
Ozzy Lusth,3,1,30,23,4,38,17,10,5,12,2,8,17,0.25,25,0.117647059,11.7647059,1,1,0,0,0,2,1,1,0,0,0,.,.,.,Surfer,36,0,0,1,2,0,0,3,4,1,3,3.36
Albert Destrade,1,0,26,23,3,39,1,5,1,5,11,13,17,0.846153846,84.6153846,0.647058824,64.7058824,0,0,0,0,0,0,1,0,1,1,0,0,0,0,BaseballCoach,10,0,0,1,1,0,1,3,4,1,2,1.79
Coach Wade,3,0,39,23,2,39,0,5,1,5,13,13,17,1,100,0.764705882,76.4705882,1,0,0,0,0,1,1,0,1,1,0,3,0.333333333,33.3333333,SoccerCoach,10,0,0,1,2,0,0,3,3,1,3,5.5
Sophie Clarke,1,0,22,23,1,39,5,7,3,7,11,13,17,0.846153846,84.6153846,0.647058824,64.7058824,0,0,0,0,0,0,1,0,1,0,1,6,0.666666667,66.6666667,MedicalStudent,41,1,1,0,1,0,1,1,4,0,2,1.79
Kourtney Moon,1,0,29,24,18,3,0,0,0,0,0,0,13,0,0,0,0,0,0,0,0,0,0,0,0,0,0,0,.,.,.,MotorcycleRepair,27,1,1,0,2,0,0,3,4,0,2,2
Nina Acosta,1,0,51,24,17,5,6,0,0,0,0,1,13,0,0,0,0,0,0,0,0,0,0,0,0,0,0,0,.,.,.,RetiredLAPDOfficer,17,0,0,1,3,1,0,3,2,0,5,3
Matt Quinlan,1,0,33,24,16,8,7,2,0,3,0,1,13,0,0,0,0,0,0,0,0,0,0,0,0,0,0,0,.,.,.,Attorney,18,0,0,1,1,0,1,3,3,1,3,2.67
Bill Posley,1,0,28,24,15,11,8,2,0,4,1,2,13,0.5,50,0.076923077,7.6923077,0,0,0,0,0,0,0,0,0,0,0,.,.,.,StandUpComedian,19,1,1,0,2,0,0,2,4,1,2,1.75
Monica Culpepper,1,1,41,24,14,14,5,2,0,3,0,2,13,0,0,0,0,0,0,0,0,0,0,0,0,0,0,0,.,.,.,Homemaker,14,0,0,1,2,0,0,3,3,0,4,1.2
Colton Cumbie,1,1,21,24,13,16,1,2,0,4,3,3,13,1,100,0.230769231,23.0769231,0,0,0,0,0,0,0,0,0,0,0,.,.,.,Student,41,1,1,0,1,0,1,2,4,1,2,4.83
Jonas Otsuji,1,0,37,24,12,20,10,2,0,4,3,4,13,0.75,75,0.230769231,23.0769231,0,0,0,0,0,0,1,1,0,0,0,.,.,.,SushiChef,15,1,1,0,3,1,0,1,3,1,3,2.43
Michael Jefferson,1,0,30,24,11,22,9,3,0,8,2,4,13,0.5,50,0.153846154,15.3846154,0,0,0,0,0,0,1,1,0,0,0,.,.,.,Banker,5,1,1,0,1,0,1,2,4,1,3,1.5
Jay Byars,1,0,25,24,10,25,5,4,1,10,4,5,13,0.8,80,0.307692308,30.7692308,0,0,0,0,0,0,1,1,0,0,0,.,.,.,Model,19,0,0,1,2,0,0,2,4,1,2,2.11
Leif MAnson,1,0,27,24,9,27,5,2,0,5,4,7,13,0.571428571,57.1428571,0.307692308,30.7692308,0,0,0,0,0,0,1,1,0,0,0,.,.,.,Phlebotomist,25,0,0,1,1,0,1,3,4,1,2,0.4
Troyzan Robertson,1,1,50,24,8,30,6,5,2,11,4,7,13,0.571428571,57.1428571,0.307692308,30.7692308,1,1,2,0,0,4,1,1,0,0,0,.,.,.,Photographer,4,1,1,0,2,0,0,2,2,1,5,4.45
Kat Edorsson,1,1,22,24,7,33,7,3,0,8,5,7,13,0.714285714,71.4285714,0.384615385,38.4615385,0,0,0,0,0,0,1,1,0,0,0,.,.,.,TimeshareRepresentat,33,0,0,1,1,0,1,2,4,0,2,1.25
Tarzan Smith,1,0,64,24,6,36,12,2,0,5,7,10,13,0.7,70,0.538461538,53.8461538,0,0,0,0,0,0,1,1,0,0,0,.,.,.,PlasticSurgeon,25,.,0,0,1,0,1,1,2,1,6,1.38
Alicia Rosa,1,0,25,24,5,37,5,3,1,6,7,10,13,0.7,70,0.538461538,53.8461538,0,0,0,0,0,0,1,1,0,0,0,.,.,.,SpecialEducationTeac,10,0,0,1,1,0,1,1,4,0,2,2.93
Christina Cha,1,0,29,24,4,38,9,2,0,5,5,11,13,0.454545455,45.4545455,0.384615385,38.4615385,0,0,0,0,0,0,1,1,0,0,0,.,.,.,CareerConsultant,13,1,1,0,1,0,1,2,4,0,2,1.14
Chelsea Meissner,1,0,26,24,3,39,4,4,1,9,9,10,13,0.9,90,0.692307692,69.2307692,0,0,0,0,0,0,1,0,1,1,0,0,0,0,MedicalSales,33,1,1,0,1,0,1,2,4,0,2,2.71
Sabrina Thompson,1,0,33,24,2,39,2,3,0,8,9,10,13,0.9,90,0.692307692,69.2307692,1,0,0,0,0,1,1,0,1,1,0,2,0.222222222,22.2222222,HighSchoolTeacher,10,0,0,1,1,0,1,1,3,0,3,3
Kim Spradlin,1,0,29,24,1,39,3,7,4,12,9,10,13,0.9,90,0.692307692,69.2307692,1,0,0,0,0,1,1,0,1,0,1,7,0.777777778,77.7777778,BridalShopOwner,21,1,1,0,1,0,1,1,4,0,2,3.79
Zane Knight,1,0,28,25,18,3,5,0,0,0,0,1,14,0,0,0,0,0,0,0,0,0,0,0,0,0,0,0,.,.,.,TireRepair,27,1,1,0,3,1,0,3,4,1,2,9
Roxanne Morris,1,0,28,25,17,6,4,0,0,0,1,2,14,0.5,50,0.071428571,7.1428571,0,0,0,0,0,0,0,0,0,0,0,.,.,.,SeminaryStudent,41,1,1,0,2,0,0,2,4,0,2,3.5
Angie Layton,1,0,20,25,16,8,4,0,0,0,2,3,14,0.666666667,66.6666667,0.142857143,14.2857143,0,0,0,0,0,0,0,0,0,0,0,.,.,.,Student,41,0,0,1,1,0,1,2,4,0,2,3
Russell Swan,2,0,45,25,15,10,4,0,0,0,3,4,14,0.75,75,0.214285714,21.4285714,0,0,0,0,0,0,0,0,0,0,0,.,.,.,Attorney,18,0,0,1,1,0,1,3,3,1,4,5.25
Dana Labert,1,0,32,25,14,12,0,4,0,4,0,0,14,0,0,0,0,0,0,0,0,0,0,0,0,0,0,0,.,.,.,Cosmetologist,4,0,0,1,2,0,0,2,3,0,3,1.2
Sarah Dawson,1,0,28,25,13,13,5,4,0,4,0,1,14,0,0,0,0,0,0,0,0,0,0,0,0,0,0,0,.,.,.,InsuranceSales,33,0,0,1,1,0,1,1,4,0,2,1.2
Katie Hanson,1,0,22,25,12,16,4,4,0,5,1,2,14,0.5,50,0.071428571,7.1428571,0,0,0,0,0,0,0,0,0,0,0,.,.,.,FormerMilssDelaware,19,0,0,1,2,0,0,2,4,0,2,1.83
RC Saint Amour,1,0,27,25,11,19,4,6,0,7,0,1,14,0,0,0,0,0,0,0,0,0,0,1,1,0,0,0,.,.,.,InvestmentBanker,5,1,1,0,1,0,1,1,4,0,2,3
Jeff Kent,1,0,44,25,10,22,5,4,0,6,3,4,14,0.75,75,0.214285714,21.4285714,0,0,0,0,0,0,1,1,0,0,0,.,.,.,RetiredBaseballPlaye,36,1,1,0,1,0,1,3,3,1,4,3.5
Artis Silverster,1,0,53,25,9,25,5,6,0,7,2,3,14,0.666666667,66.6666667,0.142857143,14.2857143,0,0,0,0,0,0,1,1,0,0,0,.,.,.,ComputerEngineer,8,1,1,0,1,0,1,1,2,1,5,0.89
Pete Yurkowski,1,0,24,25,8,27,9,6,0,8,2,4,14,0.5,50,0.142857143,14.2857143,0,0,0,0,0,0,1,1,0,0,0,.,.,.,EngineeringGraduate,11,1,1,0,1,0,1,1,4,1,2,2.1
Jonathan Penner,3,0,50,25,7,30,14,5,1,8,4,7,14,0.571428571,57.1428571,0.285714286,28.5714286,1,1,5,1,0,17,1,1,0,0,0,.,.,.,Writer,20,0,0,1,2,0,0,1,2,1,5,4.45
Carter Williams,1,0,24,25,6,33,5,6,2,9,5,8,14,0.625,62.5,0.357142857,35.7142857,0,0,0,0,0,0,1,1,0,0,0,.,.,.,TrackCoach,10,0,0,1,2,0,0,3,4,1,2,0.67
AbiMaria Gomes,1,1,32,25,5,36,9,7,1,9,2,7,14,0.285714286,28.5714286,0.142857143,14.2857143,1,1,3,0,1,10,1,1,0,0,0,.,.,.,BusinessStudent,41,1,1,0,1,0,1,2,3,0,3,2.38
Malcolm Freberg,1,1,25,25,4,38,6,4,2,10,9,12,14,0.75,75,0.642857143,64.2857143,1,0,0,0,0,1,1,1,0,0,0,.,.,.,Bartender,15,1,1,0,2,0,0,3,4,1,2,4.64
Lisa Whelchel,1,0,49,25,2,39,0,6,0,8,5,8,14,0.625,62.5,0.357142857,35.7142857,0,0,0,0,0,0,1,0,1,1,0,1,0.125,12.5,FormerTVStar,19,1,1,0,2,0,0,2,2,0,4,4.14
Michael Skupin,2,0,50,25,2,39,0,8,2,10,6,8,14,0.75,75,0.428571429,42.8571429,0,0,0,0,0,0,1,0,1,1,0,1,0.125,12.5,PartTimeMotivational,19,0,0,1,2,0,0,3,2,1,5,2.86
Denise Stapley,1,0,41,25,1,39,6,1,1,4,11,14,14,0.785714286,78.5714286,0.785714286,78.5714286,1,1,1,1,1,18,1,0,1,0,1,6,0.75,75,SexTherapist,35,1,1,0,1,0,1,1,3,0,4,2.64
Francesca Hogi,2,0,38,26,20,3,6,1,0,0,0,1,15,0,0,0,0,0,0,0,0,0,0,0,0,0,0,0,.,.,.,Attorney,18,0,0,1,1,0,1,1,3,0,3,9
Allie Pohevitz,1,0,25,26,19,5,6,1,0,1,0,1,15,0,0,0,0,0,0,0,0,0,0,0,0,0,0,0,.,.,.,Bartender,15,1,1,0,2,0,0,2,4,0,2,1.5
Hope Driskill,1,0,23,26,18,7,8,1,0,1,0,2,15,0,0,0,0,0,0,0,0,0,0,0,0,0,0,0,.,.,.,PreLawStudent,41,0,0,1,1,0,1,2,4,0,2,0.33
Shamar Thomas,1,0,27,26,17,10,8,1,0,1,1,2,15,0.5,50,0.066666667,6.6666667,0,0,0,0,0,0,0,0,0,0,0,.,.,.,IrawWarVeteran,26,0,0,1,3,1,0,3,4,1,2,3
Laura Alexander,1,0,23,26,16,10,6,1,0,1,2,3,15,0.666666667,66.6666667,0.133333333,13.3333333,0,0,0,0,0,0,0,0,0,0,0,.,.,.,AdministrativeOffice,1,1,1,0,1,0,1,1,4,0,2,3
Brandon Hantz,2,0,20,26,15,13,8,3,0,6,0,2,15,0,0,0,0,0,0,0,0,0,0,0,0,0,0,0,.,.,.,OilTankerCrewman,22,0,0,1,3,1,0,3,4,1,2,2.8
Matt Bischoff,1,0,38,26,14,16,4,2,0,1,2,4,15,0.5,50,0.133333333,13.3333333,0,0,0,0,0,0,0,0,0,0,0,.,.,.,BMXBikeSales,33,1,1,0,2,0,0,3,3,1,3,2.17
Julia Landauer,1,0,21,26,13,19,9,2,0,1,3,5,15,0.6,60,0.2,20,0,0,0,0,0,0,0,0,0,0,0,.,.,.,RacecarDriver,39,0,0,1,2,0,0,2,4,0,2,0.57
Corrine Kaplan,2,0,33,26,12,22,7,3,0,6,4,5,15,0.8,80,0.266666667,26.6666667,1,1,1,1,1,18,1,0,0,0,0,.,.,.,ClinicalConsultant,25,0,0,1,1,0,1,2,3,0,3,2.75
Michael Snow,1,0,44,26,11,25,10,2,0,2,2,7,15,0.285714286,28.5714286,0.133333333,13.3333333,0,0,0,0,0,0,1,1,0,0,0,.,.,.,EventPlanner,15,1,1,0,2,0,0,1,2,1,4,1.56
Phillip Sheppard,2,0,54,26,10,28,5,3,0,7,5,7,15,0.714285714,71.4285714,0.333333333,33.3333333,0,0,0,0,0,0,1,1,0,0,0,.,.,.,FormerFederalAgent,26,0,0,1,3,1,0,1,2,1,5,3.3
Malcolm Freberg,2,1,25,26,9,30,11,5,0,9,3,6,15,0.5,50,0.2,20,2,3,6,0,1,16,1,1,0,0,0,.,.,.,Bartender,15,0,0,1,2,0,0,3,4,1,2,3.18
Reynold Toepfer,1,0,30,26,8,31,9,5,1,7,2,8,15,0.25,25,0.133333333,13.3333333,2,1,1,0,0,4,1,1,0,0,0,.,.,.,RealEstateSales,31,0,0,1,1,0,1,2,4,1,3,3.33
Andrea Boehlke,2,1,23,26,7,33,13,6,1,10,6,8,15,0.75,75,0.4,40,0,0,0,0,0,0,1,1,0,0,0,.,.,.,EntertainmentHostWriter,20,0,0,1,2,0,0,2,4,0,2,2.08
Brenda Lowe,2,0,29,26,6,36,5,6,1,11,5,9,15,0.555555556,55.5555556,0.333333333,33.3333333,0,0,0,0,0,0,1,1,0,0,0,.,.,.,PaddleboatCompanyOwner,21,0,0,1,1,0,1,2,4,0,2,1
Erik Reichenbach,2,0,27,26,5,36,2,6,1,12,6,9,15,0.666666667,66.6666667,0.4,40,1,0,0,0,0,1,1,1,0,0,0,.,.,.,ComicBookArtist,4,0,0,1,2,0,0,1,4,1,2,1.07
Eddie Fox,1,0,23,26,4,38,16,4,0,5,2,11,15,0.181818182,18.1818182,0.133333333,13.3333333,0,0,0,0,0,0,1,1,0,0,0,.,.,.,Fireman/EMT,6,0,0,1,3,1,0,3,4,1,2,1.79
Dawn Meehan,2,0,41,26,2,39,2,4,1,8,9,12,15,0.75,75,0.6,60,0,0,0,0,0,0,1,0,1,1,0,0,0,0,EnglishProfessor,10,0,0,1,1,0,1,1,3,0,4,2.5
Sherri Biethman,1,0,41,26,2,39,6,4,0,4,9,11,15,0.818181818,81.8181818,0.6,60,0,0,0,0,0,0,1,0,1,1,0,0,0,0,FastFoodFranchisee,21,1,1,0,1,0,1,1,3,0,4,1.5
John Cochran,2,0,25,26,1,39,0,6,3,12,8,12,15,0.666666667,66.6666667,0.533333333,53.3333333,0,0,0,0,0,0,1,0,1,0,1,8,1,100,HarvardLawStudent,41,0,0,1,1,0,1,1,4,1,2,4.79
Rupert Boneham,4,0,49,27,20,4,0,0,0,0,0,1,20,0,0,0,0,0,0,0,0,0,0,0,0,0,0,0,.,.,.,TroubledTeensMentor,35,0,0,1,2,0,0,3,3,1,4,3.5
Colton Cumbie,2,0,22,27,19,7,0,2,0,2,1,1,20,1,100,0.05,5,0,0,0,0,0,0,0,0,0,0,0,.,.,.,Student,41,0,0,1,1,0,1,2,4,1,2,5
Rachel Foulger,1,0,33,27,18,7,5,0,0,0,1,3,20,0.333333333,33.3333333,0.05,5,0,0,0,0,0,0,0,0,0,0,0,.,.,.,CocktailWaitress,15,.,0,0,2,0,0,2,3,0,3,1.33
Marissa Peterson,1,0,21,27,17,9,10,0,0,2,0,2,20,0,0,0,0,0,0,0,0,0,0,0,0,0,0,0,.,.,.,Student,41,.,0,0,2,0,0,1,4,0,2,1
Candice Cody,3,0,30,27,16,11,6,0,0,3,0,1,20,0,0,0,0,0,0,0,0,0,0,0,0,0,0,0,.,.,.,Physician,40,0,0,1,1,0,1,1,4,0,3,1.4
Brad Culpepper,1,1,44,27,15,14,7,0,0,1,4,5,20,0.8,80,0.2,20,0,0,0,0,0,0,0,0,0,0,0,.,.,.,FormerNFLPlayer,36,.,0,0,1,0,1,3,3,1,4,3.33
Kat Edorsson,2,0,23,27,14,17,5,4,0,4,2,3,20,0.666666667,66.6666667,0.1,10,0,0,0,0,0,0,0,0,0,0,0,.,.,.,FullTimeStudent,41,0,0,1,1,0,1,2,4,0,2,1.43
John Cody,1,0,30,27,13,19,8,0,0,4,3,4,20,0.75,75,0.15,15,0,0,0,0,0,0,0,0,0,0,0,.,.,.,Physician,40,.,0,0,1,0,1,1,4,1,3,2.38
Laura Boneham,1,0,44,27,12,19,11,4,0,4,2,4,20,0.5,50,0.1,10,0,0,0,0,0,0,0,0,0,0,0,.,.,.,Merchandiser,33,.,0,0,1,0,1,3,3,0,4,2
Aras Baskouskas,2,0,31,27,11,25,7,6,0,6,1,3,20,0.333333333,33.3333333,0.05,5,0,0,0,0,0,0,1,1,0,0,0,.,.,.,Musician,28,0,0,1,2,0,0,2,4,1,3,1.9
Vytas Baskouskas,1,1,33,27,10,27,10,2,1,3,6,9,20,0.666666667,66.6666667,0.3,30,0,0,0,0,0,0,1,1,0,0,0,.,.,.,YogaInstructor,41,.,0,0,2,0,0,2,3,1,3,3.09
Caleb Bankston,1,0,26,27,9,30,4,3,0,3,9,10,20,0.9,90,0.45,45,0,0,0,0,0,0,1,1,0,0,0,.,.,.,PostOfficeManager,6,.,0,0,3,1,0,3,4,1,2,1.25
Katie Collins,1,0,25,27,8,33,4,2,1,2,7,13,20,0.538461538,53.8461538,0.35,35,0,0,0,0,0,0,1,1,0,0,0,.,.,.,HedgeFundSupport,5,.,0,0,1,0,1,1,4,0,2,1.54
Hayden Moss,1,0,27,27,7,36,8,3,0,3,8,12,20,0.666666667,66.6666667,0.4,40,0,0,0,0,0,0,1,1,0,0,0,.,.,.,RealEstate,31,.,0,0,1,0,1,3,4,1,2,2.43
Laura Morett,2,0,43,27,6,36,19,4,0,10,4,6,20,0.666666667,66.6666667,0.2,20,0,0,0,0,0,0,1,1,0,0,0,.,.,.,FitnessInstructor,12,0,0,1,2,0,0,3,3,0,4,1.29
Ciera Eastin,1,1,24,27,5,37,14,4,1,4,8,13,20,0.615384615,61.5384615,0.4,40,0,0,0,0,0,0,1,1,0,0,0,.,.,.,CosmetologyStudent,41,.,0,0,1,0,1,1,4,0,2,3.29
Tina Wesson,3,0,52,27,4,38,10,4,0,9,5,9,20,0.555555556,55.5555556,0.25,25,0,0,0,0,0,0,1,1,0,0,0,.,.,.,MotivationalSpeaker,19,0,0,1,2,0,0,1,2,0,5,1.71
Gervase Peterson,2,0,43,27,3,39,6,7,1,7,10,11,20,0.909090909,90.9090909,0.5,50,0,0,0,0,0,0,1,0,1,1,0,0,0,0,CigarLoungeOwner,21,0,0,1,1,0,1,3,3,1,4,1.79
Monica Culpepper,2,0,42,27,2,39,6,7,3,7,12,13,20,0.923076923,92.3076923,0.6,60,0,0,0,0,0,0,1,0,1,1,0,1,0.125,12.5,Homemaker,14,0,0,1,2,0,0,3,3,0,4,2.43
Tyson Apostol,3,0,34,27,1,39,2,8,2,8,9,11,20,0.818181818,81.8181818,0.45,45,2,2,2,0,0,6,1,0,1,0,1,7,0.875,87.5,ShopManager,21,0,0,1,2,0,0,3,3,1,3,3.43
David Samson,1,0,45,28,18,3,4,0,0,0,0,1,14,0,0,0,0,0,0,0,0,0,0,0,0,0,0,0,.,.,.,MiamiMarlinsPresiden,21,1,1,0,1,0,1,1,3,1,4,4
Garrett ADelstein,1,0,27,28,17,6,3,0,0,0,1,2,14,0.5,50,0.071428571,7.1428571,1,0,0,0,0,1,0,0,0,0,0,.,.,.,ProPokerPlayer,19,0,0,1,2,0,0,1,4,1,2,5.5
Brice Johnston,1,0,27,28,16,8,5,2,0,2,0,1,14,0,0,0,0,0,0,0,0,0,0,0,0,0,0,0,.,.,.,SocialWorker,35,1,1,0,1,0,1,2,4,1,2,2
Jtia Taylor,1,0,31,28,15,11,7,1,0,1,2,3,14,0.666666667,66.6666667,0.142857143,14.2857143,0,0,0,0,0,0,0,0,0,0,0,.,.,.,NuclearEngineer,34,1,1,0,1,0,1,1,4,0,3,1.75
Cliff Robinson,1,0,46,28,14,14,4,4,0,6,0,1,14,0,0,0,0,0,0,0,0,0,0,0,0,0,0,0,.,.,.,FormerNBAAllStar,36,0,0,1,1,0,1,3,3,1,4,1.8
Lindsey Ogle,1,0,29,28,13,14,0,4,0,6,0,1,14,0,0,0,0,0,0,0,0,0,0,0,0,0,0,0,.,.,.,Hairstylist,4,0,0,1,2,0,0,3,4,0,2,1
Alexis Maxwell,1,0,21,28,12,16,8,4,0,5,1,2,14,0.5,50,0.071428571,7.1428571,0,0,0,0,0,0,0,0,0,0,0,.,.,.,Student,41,1,1,0,1,0,1,2,4,0,2,2
Sarah Lacina,1,1,29,28,11,19,6,5,0,6,1,2,14,0.5,50,0.071428571,7.1428571,0,0,0,0,0,0,1,1,0,0,0,.,.,.,PoliceOfficer,18,1,1,0,3,1,0,3,4,0,2,3.71
Morgan McLeod,1,0,21,28,10,22,8,4,0,6,1,4,14,0.25,25,0.071428571,7.1428571,0,0,0,0,0,0,1,1,0,0,0,.,.,.,ExNFLCheerleader,19,1,1,0,2,0,0,2,4,0,2,1.88
LJ McKansas,1,0,34,28,9,25,8,4,0,8,3,5,14,0.6,60,0.214285714,21.4285714,1,1,0,0,0,2,1,1,0,0,0,.,.,.,HorseTrainer,3,1,1,0,2,0,0,2,3,1,3,2.56
Jeremiah Wood,1,0,34,28,8,28,9,4,0,8,2,6,14,0.333333333,33.3333333,0.142857143,14.2857143,0,0,0,0,0,0,1,1,0,0,0,.,.,.,MaleModel,19,0,0,1,2,0,0,2,3,1,3,1.2
Jefra Bland,1,0,22,28,7,30,9,4,0,9,5,7,14,0.714285714,71.4285714,0.357142857,35.7142857,0,0,0,0,0,0,1,1,0,0,0,.,.,.,PageantWinner,19,1,1,0,2,0,0,2,4,0,2,1.45
Tasha Fox,1,1,37,28,6,33,4,5,3,6,6,10,14,0.6,60,0.428571429,42.8571429,0,0,0,0,0,0,1,1,0,0,0,.,.,.,Accountant,5,1,1,0,1,0,1,1,3,0,3,2.25
Trish Hegarty,1,0,48,28,5,36,5,5,0,8,5,8,14,0.625,62.5,0.357142857,35.7142857,0,0,0,0,0,0,1,1,0,0,0,.,.,.,PilatesTrainer,12,1,1,0,2,0,0,3,2,0,4,1.69
Spencer Bledsoe,1,1,21,28,4,37,8,5,3,9,6,12,14,0.5,50,0.428571429,42.8571429,1,1,0,0,0,2,1,1,0,0,0,.,.,.,EconomicsStudent,41,1,1,0,1,0,1,1,4,1,2,4.86
Kass McQuillen,1,1,41,28,3,38,2,3,1,4,9,12,14,0.75,75,0.642857143,64.2857143,0,0,0,0,0,0,1,1,0,0,0,.,.,.,Attorney,18,1,1,0,1,0,1,1,3,0,4,4.43
Woo Hwang,1,1,29,28,2,39,4,7,2,11,8,9,14,0.888888889,88.8888889,0.571428571,57.1428571,0,0,0,0,0,0,1,0,1,1,0,1,0.111111111,11.1111111,MartialArtsInstructo,19,0,0,1,3,1,0,3,4,1,2,2.57
Tony Vlachos,1,1,39,28,1,39,5,5,0,10,9,9,14,1,100,0.642857143,64.2857143,3,2,0,0,0,5,1,0,1,0,1,8,0.888888889,88.8888889,Police,17,1,1,0,3,1,0,3,3,1,3,5.93
Nadiya Anderson,1,0,28,29,18,3,5,0,0,0,0,1,14,0,0,0,0,0,0,0,0,0,0,0,0,0,0,0,.,.,.,CrossfitCoach,12,0,0,1,2,0,0,3,4,0,2,4
Val Collins,1,0,35,29,17,6,9,0,0,0,0,2,14,0,0,0,0,0,0,0,0,0,0,0,0,0,0,0,.,.,.,PoliceOfficer,17,.,0,0,3,1,0,3,3,0,3,3.5
John Rocker,1,0,39,29,16,8,5,0,0,0,1,3,14,0.333333333,33.3333333,0.071428571,7.1428571,1,0,0,0,0,1,0,0,0,0,0,.,.,.,FormerMLBPlayer,36,0,0,1,1,0,1,3,3,1,3,3.67
Drew Christy,1,0,25,29,15,10,5,3,0,6,0,1,14,0,0,0,0,0,0,0,0,0,0,0,0,0,0,0,.,.,.,TravelSalesRepresent,33,0,0,1,2,0,0,2,4,1,2,3.25
Kelley Wentworth,1,1,28,29,14,13,4,3,0,6,1,2,14,0.5,50,0.071428571,7.1428571,0,0,0,0,0,0,0,0,0,0,0,.,.,.,MarketingManager,2,0.5,0,0,1,0,1,1,4,0,2,1.2
Dale Wentworth,1,0,55,29,13,15,8,1,0,2,2,5,14,0.4,40,0.142857143,14.2857143,0,0,0,0,0,0,0,0,0,0,0,.,.,.,Farmer,3,0.5,0,0,3,1,0,3,2,1,5,2.17
Julie McGee,1,0,34,29,12,18,2,5,0,9,1,1,14,1,100,0.071428571,7.1428571,0,0,0,0,0,0,1,0,0,0,0,.,.,.,OwnerofSprayTanBusin,21,.,0,0,1,0,1,2,3,0,3,2
Josh Canfield,1,0,32,29,11,21,6,3,0,5,2,4,14,0.5,50,0.142857143,14.2857143,0,0,0,0,0,0,1,1,0,0,0,.,.,.,Singer,19,.,0,0,2,0,0,2,4,1,3,4.5
Jeremy Collins,1,1,36,29,10,24,5,6,1,12,2,3,14,0.666666667,66.6666667,0.142857143,14.2857143,0,0,0,0,0,0,1,1,0,0,0,.,.,.,Firefighter,6,1,1,0,3,1,0,3,3,1,3,5.11
Wes Nale,1,0,23,29,9,26,2,3,0,6,3,6,14,0.5,50,0.214285714,21.4285714,0,0,0,0,0,0,1,1,0,0,0,.,.,.,Firefighter,6,1,1,0,3,1,0,3,4,1,2,0.9
Reed Kelly,1,0,31,29,8,29,10,6,1,13,1,5,14,0.2,20,0.071428571,7.1428571,0,0,0,0,0,0,1,1,0,0,0,.,.,.,Model,19,1,1,0,2,0,0,2,4,1,3,2
Alec Christy,1,0,22,29,7,32,4,3,0,7,3,8,14,0.375,37.5,0.214285714,21.4285714,0,0,0,0,0,0,1,1,0,0,0,.,.,.,Student,41,.,0,0,1,0,1,2,4,1,2,1.42
Jon Misch,1,0,26,29,6,35,8,4,1,9,5,9,14,0.555555556,55.5555556,0.357142857,35.7142857,2,1,4,1,0,17,1,1,0,0,0,.,.,.,FinancialAssistant,5,.,0,0,1,0,1,1,4,1,2,4.31
Baylor Wilson,1,0,20,29,5,37,17,2,1,4,8,12,14,0.666666667,66.6666667,0.571428571,57.1428571,0,0,0,0,0,0,1,1,0,0,0,.,.,.,Student,41,0.5,0,0,1,0,1,1,4,0,2,2.57
Keith Nale,1,1,53,29,4,38,16,5,2,12,4,11,14,0.363636364,36.3636364,0.285714286,28.5714286,1,1,3,1,0,15,1,1,0,0,0,.,.,.,FireCaptain,6,.,0,0,3,1,0,3,2,1,5,3.36
Missy Payne,1,0,47,29,3,39,3,3,0,8,7,11,14,0.636363636,63.6363636,0.5,50,0,0,0,0,0,0,1,0,1,1,0,1,0.125,12.5,GymOwner,21,.,0,0,1,0,1,1,3,0,4,2.21
Jaclyn Schultz,1,0,25,29,2,39,6,2,1,4,9,13,14,0.692307692,69.2307692,0.642857143,64.2857143,0,0,0,0,0,0,1,0,1,1,0,2,0.25,25,MediaBuyer,33,1,1,0,1,0,1,2,4,0,2,2.21
Natalie Anderson,1,0,28,29,1,39,0,6,1,13,7,9,14,0.777777778,77.7777778,0.5,50,1,1,3,1,0,15,1,0,1,0,1,5,0.625,62.5,CrossfitCoach,12,0,0,1,2,0,0,3,4,0,2,3.29
So Kim,1,0,31,30,18,3,4,0,0,0,0,1,15,0,0,0,0,0,0,0,0,0,0,0,0,0,0,0,.,.,.,RetailBuyer,33,1,1,0,1,0,1,1,4,0,3,7
Vince Sly,1,0,32,30,17,6,3,1,0,1,0,1,15,0,0,0,0,0,0,0,0,0,0,0,0,0,0,0,.,.,.,CoconutVendor,33,0,0,1,2,0,0,2,4,1,3,6
Nina Poersch,1,0,51,30,16,8,4,1,0,1,0,2,15,0,0,0,0,0,0,0,0,0,0,0,0,0,0,0,.,.,.,HearingAdvocate,35,0,0,1,2,0,0,2,2,0,5,2
Lindsey Cascaddan,1,0,24,30,15,11,5,3,0,3,0,1,15,0,0,0,0,0,0,0,0,0,0,0,0,0,0,0,.,.,.,Hairdresser,4,.,0,0,3,1,0,3,4,0,2,1.75
Max Dawson,1,0,37,30,14,14,5,3,0,4,1,2,15,0.5,50,0.066666667,6.6666667,0,0,0,0,0,0,0,0,0,0,0,.,.,.,MediaConsultant,10,0,0,1,1,0,1,1,3,1,3,2
Joaquin Souberbielle,1,0,27,30,13,15,4,4,0,6,0,2,15,0,0,0,0,0,0,0,0,0,0,0,0,0,0,0,.,.,.,MarketingDirector,5,0,0,1,1,0,1,1,4,1,2,1.67
Kelly Remington,1,0,44,30,12,19,4,4,0,5,1,3,15,0.333333333,33.3333333,0.066666667,6.6666667,0,0,0,0,0,0,1,0,0,0,0,.,.,.,StateTrooper,17,0,0,1,3,1,0,3,3,0,4,1.71
Hali Ford,1,1,25,30,11,22,8,3,0,5,3,5,15,0.6,60,0.2,20,0,0,0,0,0,0,1,1,0,0,0,.,.,.,LawStudent,41,1,1,0,2,0,0,2,4,0,2,1.75
Joe Anglim,1,1,25,30,10,24,8,5,2,8,3,6,15,0.5,50,0.2,20,0,0,0,0,0,0,1,1,0,0,0,.,.,.,JewelryDesigner,4,1,1,0,2,0,0,2,4,1,2,2.89
Jenn Brown,1,0,22,30,9,27,18,3,0,5,4,7,15,0.571428571,57.1428571,0.266666667,26.6666667,1,1,7,1,0,19,1,1,0,0,0,.,.,.,SailingInstructor,19,1,1,0,2,0,0,2,4,0,2,3.6
Shirin Oskooi,1,1,31,30,8,29,7,4,0,7,4,7,15,0.571428571,57.1428571,0.266666667,26.6666667,0,0,0,0,0,0,1,1,0,0,0,.,.,.,YahooExecutive,21,1,1,0,1,0,1,1,4,0,3,3
Tyler Fredrickson,1,0,33,30,7,32,5,5,1,9,3,8,15,0.375,37.5,0.2,20,0,0,0,0,0,0,1,1,0,0,0,.,.,.,ExTalentAgentConsult,13,1,1,0,1,0,1,1,4,1,3,2.25
Dan Foley,1,0,47,30,6,35,9,4,0,7,5,9,15,0.555555556,55.5555556,0.333333333,33.3333333,0,0,0,0,0,0,1,1,0,0,0,.,.,.,PostalWorker,6,1,1,0,3,1,0,3,3,1,4,2.85
Sierra Dawn Thomas,1,1,27,30,5,37,6,4,0,7,5,10,15,0.5,50,0.333333333,33.3333333,0,0,0,0,0,0,1,1,0,0,0,.,.,.,BarrelRacer,36,.,0,0,3,1,0,3,4,0,2,1.43
Rodney Lavoie Jr,1,0,24,30,4,38,5,4,0,5,4,11,15,0.363636364,36.3636364,0.266666667,26.6666667,0,0,0,0,0,0,1,1,0,0,0,.,.,.,GeneralContractor,8,0,0,1,3,1,0,3,4,1,2,3.71
Carolyn Rivera,1,0,52,30,2,39,10,6,2,11,9,11,15,0.818181818,81.8181818,0.6,60,1,1,5,1,0,17,1,0,1,1,0,1,0.125,12.5,CorporateExecutive,21,1,1,0,1,0,1,1,2,0,5,3.57
Will Sims II,1,0,41,30,2,39,4,3,0,7,6,12,15,0.5,50,0.4,40,0,0,0,0,0,0,1,0,1,1,0,1,0.125,12.5,YoutubeSensation,19,0,0,1,2,0,0,2,3,1,4,1.71
Mike Holloway,1,0,38,30,1,39,4,9,5,14,9,11,15,0.818181818,81.8181818,0.6,60,1,1,4,1,0,16,1,0,1,0,1,6,0.75,75,OilDriller,22,1,1,0,3,1,0,3,3,1,3,5.21
Vytas Baskauskas,2,0,35,31,20,3,6,0,0,1,0,1,16,0,0,0,0,0,0,0,0,0,0,0,0,0,0,0,.,.,.,YogaInstructer,10,0,0,1,2,0,0,2,3,1,3,3
Shirin Oskooi,2,0,32,31,19,6,5,0,0,1,1,2,16,0.5,50,0.0625,6.25,0,0,0,0,0,0,0,0,0,0,0,.,.,.,YahooExecutive,21,0,0,1,1,0,1,1,4,0,3,4.5
PeihGee Law,2,0,37,31,18,9,4,0,0,1,2,3,16,0.666666667,66.6666667,0.125,12.5,0,0,0,0,0,0,0,0,0,0,0,.,.,.,Jeweler,4,0,0,1,2,0,0,1,3,0,3,2.33
Jeff Varner,2,1,49,31,17,11,4,0,0,2,3,4,16,0.75,75,0.1875,18.75,0,0,0,0,0,0,0,0,0,0,0,.,.,.,InternetProjectsManager,8,0,0,1,1,0,1,2,3,1,4,4
Monica Padilla,2,0,30,31,16,13,3,4,0,4,0,1,16,0,0,0,0,0,0,0,0,0,0,0,0,0,0,0,.,.,.,LawStudent,41,0,0,1,2,0,0,1,4,0,3,1.2
Terry Deitz,2,0,55,31,15,13,0,3,0,6,0,2,16,0,0,0,0,0,0,0,0,0,0,0,0,0,0,0,.,.,.,Pilot,26,0,0,1,3,1,0,3,2,1,5,1.17
Woo Hwang,2,0,31,31,14,16,5,1,0,5,2,5,16,0.4,40,0.125,12.5,0,0,0,0,0,0,0,0,0,0,0,.,.,.,MartialArtsInstructo,10,0,0,1,3,1,0,3,4,1,3,1.83
Kass McQuillen,2,0,43,31,13,19,6,5,0,8,1,2,16,0.5,50,0.0625,6.25,0,0,0,0,0,0,1,1,0,0,0,.,.,.,Attorney,18,0,0,1,1,0,1,1,3,0,4,2.57
Andrew Savage,2,0,51,31,12,21,4,3,0,6,3,5,16,0.6,60,0.1875,18.75,0,0,0,0,0,0,1,1,0,0,0,.,.,.,Attorney,18,0,0,1,1,0,1,1,2,1,5,3.88
Kelly Wiglesworth,2,0,37,31,11,24,8,2,0,5,1,7,16,0.142857143,14.2857143,0.0625,6.25,0,0,0,0,0,0,1,1,0,0,0,.,.,.,River Guide,29,0,0,1,2,0,0,2,3,0,3,0.56
Ciera Eastin,2,1,26,31,10,26,10,5,0,11,3,5,16,0.6,60,0.1875,18.75,0,0,0,0,0,0,1,1,0,0,0,.,.,.,CosmetologyStudent,41,0,0,1,1,0,1,1,4,0,2,1.9
Stephen Fishbach,2,0,36,31,9,29,9,5,0,7,4,6,16,0.666666667,66.6666667,0.25,25,0,0,0,0,0,0,1,1,0,0,0,.,.,.,CorporateConsultant,13,0,0,1,1,0,1,1,3,1,3,3.82
Joe Anglim,2,1,26,31,8,32,8,10,4,15,0,5,16,0,0,0,0,0,0,0,0,0,0,1,1,0,0,0,.,.,.,JewelryDesigner,4,0,0,1,2,0,0,2,4,1,2,2.5
AbiMaria Gomes,2,0,35,31,7,35,14,1,0,6,8,12,16,0.666666667,66.6666667,0.5,50,0,0,0,0,0,0,1,1,0,0,0,.,.,.,BusinessStudent,41,0,0,1,1,0,1,2,3,0,3,2.15
Kimmi Kappenberg,2,0,42,31,6,36,9,5,0,6,5,9,16,0.555555556,55.5555556,0.3125,31.25,0,0,0,0,0,0,1,1,0,0,0,.,.,.,Bartender,15,0,0,1,2,0,0,2,3,0,4,0.93
Keith Nale,2,0,54,31,5,37,4,7,1,11,2,9,16,0.222222222,22.2222222,0.125,12.5,0,0,0,0,0,0,1,1,0,0,0,.,.,.,FireCaptain,6,0,0,1,3,1,0,3,2,1,5,1.21
Kelley Wentworth,2,1,29,31,4,38,17,6,2,11,6,12,16,0.5,50,0.375,37.5,2,2,12,1,1,31,1,1,0,0,0,.,.,.,MarketingManager,5,0,0,1,1,0,1,1,4,0,2,3.14
Spencer Bledsoe,2,0,23,31,2,39,11,5,3,9,10,14,16,0.714285714,71.4285714,0.625,62.5,0,0,0,0,0,0,1,0,1,1,0,0,0,0,EconomicsStudent,41,0,0,1,1,0,1,1,4,1,2,4
Tasha Fox,2,0,39,31,2,39,8,4,0,8,8,12,16,0.666666667,66.6666667,0.5,50,0,0,0,0,0,0,1,0,1,1,0,0,0,0,Accountant,5,0,0,1,1,0,1,1,3,0,3,2.29
Jeremy Collins,2,0,37,31,1,39,3,6,1,6,8,11,16,0.727272727,72.7272727,0.5,50,2,2,8,1,1,27,1,0,1,0,1,10,1,100,Firefighter,6,0,0,1,3,1,0,3,3,1,3,3.14
Darnell Hamilton,1,0,27,32,18,3,7,0,0,0,0,1,12,0,0,0,0,0,0,0,0,0,0,0,0,0,0,0,.,.,.,PostalWorker,6,1,1,0,3,1,0,3,4,1,2,4
Jennifer Lanzetti,1,0,38,32,17,6,3,0,0,0,1,2,12,0.5,50,0.083333333,8.3333333,0,0,0,0,0,0,0,0,0,0,0,.,.,.,Contractor,7,1,1,0,3,1,0,3,3,0,3,4
Liz Markham,1,0,27,32,16,8,5,2,0,2,0,1,12,0,0,0,0,0,0,0,0,0,0,0,0,0,0,0,.,.,.,QuantitativeStrategi,2,0,0,1,1,0,1,1,4,0,2,3.33
Caleb Reynolds,1,1,28,32,15,9,0,3,0,4,0,0,12,0,0,0,0,0,0,0,0,0,0,0,0,0,0,0,.,.,.,ArmyVeteran,26,0,0,1,3,1,0,2,4,1,2,1.5
Alecia Holden,1,0,24,32,14,11,8,1,0,1,2,3,12,0.666666667,66.6666667,0.166666667,16.6666667,0,0,0,0,0,0,0,0,0,0,0,.,.,.,RealEstateAgent,31,1,1,0,1,0,1,3,4,0,2,3.75
Anna Khait,1,0,26,32,13,13,5,4,0,5,0,1,12,0,0,0,0,0,0,0,0,0,0,0,0,0,0,0,.,.,.,ProfessionalPokerPla,19,1,1,0,2,0,0,2,4,0,2,2
Peter Baggenstos,1,0,34,32,12,16,7,3,0,5,1,3,12,0.333333333,33.3333333,0.083333333,8.3333333,0,0,0,0,0,0,0,0,0,0,0,.,.,.,ERDoctor,40,1,1,0,1,0,1,1,3,1,3,2.83
Neal Gottlieb,1,0,38,32,11,19,0,5,0,6,0,1,12,0,0,0,0,1,0,0,0,0,1,1,0,0,0,0,.,.,.,IceCreamEntrepeneur,21,1,1,0,1,0,1,1,3,1,3,2.29
Nick Maiorano,1,0,30,32,10,22,6,6,0,9,0,1,12,0,0,0,0,0,0,0,0,0,0,1,1,0,0,0,.,.,.,PersonalTrainer,12,1,1,0,2,0,0,2,4,1,3,3.38
Debbie Wanner,1,1,49,32,9,24,4,5,0,7,2,3,12,0.666666667,66.6666667,0.166666667,16.6666667,0,0,0,0,0,0,1,1,0,0,0,.,.,.,Chemist,34,1,1,0,1,0,1,1,3,0,4,2.89
Scot Pollard,1,0,40,32,8,27,7,1,0,4,4,8,12,0.5,50,0.333333333,33.3333333,0,0,0,0,0,0,1,1,0,0,0,.,.,.,FormerNBAChampion,36,0,0,1,1,0,1,3,3,1,4,3.6
Julia Sokolowski,1,0,19,32,7,29,7,5,1,10,3,5,12,0.6,60,0.25,25,0,0,0,0,0,0,1,1,0,0,0,.,.,.,CollegeStudent,41,1,1,0,1,0,1,2,4,0,1,1.45
Kyle Jason,1,0,31,32,6,32,5,4,1,6,2,8,12,0.25,25,0.166666667,16.6666667,1,0,0,0,0,1,1,1,0,0,0,.,.,.,BountyHunter,17,1,1,0,3,1,0,3,4,1,3,3.67
Joe delCampo,1,0,72,32,5,24,1,3,0,6,6,8,12,0.75,75,0.5,50,0,0,0,0,0,0,1,1,0,0,0,.,.,.,FormerFBIAgent,26,1,1,0,3,1,0,1,1,1,7,1.62
Cydney Gillon,1,0,23,32,4,37,5,4,1,5,7,9,12,0.777777778,77.7777778,0.583333333,58.3333333,0,0,0,0,0,0,1,1,0,0,0,.,.,.,Bodybuilder,36,.,0,0,3,1,0,3,4,0,2,2.64
Tai Trang,1,1,51,32,3,39,4,5,1,11,5,8,12,0.625,62.5,0.416666667,41.6666667,1,0,0,0,0,1,1,0,1,1,0,0,0,0,Gardener,3,0.5,0,0,2,0,0,2,3,1,5,5.29
Aubry Bracco,1,1,29,32,2,39,6,3,0,6,8,9,12,0.888888889,88.8888889,0.666666667,66.6666667,0,0,0,0,0,0,1,0,1,1,0,2,0.285714286,28.5714286,SocialMediaMarketer,2,1,1,0,1,0,1,1,4,0,2,5
Michele Fitzgerald,1,0,24,32,1,39,2,8,2,13,4,6,12,0.666666667,66.6666667,0.333333333,33.3333333,0,0,0,0,0,0,1,0,1,0,1,5,0.714285714,71.4285714,Bartender,15,1,1,0,2,0,0,2,4,0,2,4.07
Rachel Ako,1,0,37,33,20,4,5,0,0,0,0,1,16,0,0,0,0,0,0,0,0,0,0,0,0,0,0,0,.,.,.,RecruitingDirector,13,1,1,0,1,0,1,1,3,0,3,3
Mari Takahashi,1,0,31,33,19,7,7,1,0,1,0,1,16,0,0,0,0,0,0,0,0,0,0,0,0,0,0,0,.,.,.,ProfessionalGamer,19,0,0,1,2,0,0,1,4,0,3,3
Paul Wachter,1,0,52,33,18,10,6,1,0,1,1,2,16,0.5,50,0.0625,6.25,0,0,0,0,0,0,0,0,0,0,0,.,.,.,BoatMechanic,27,0,0,1,3,1,0,3,3,1,5,2.67
Lucy Huang,1,0,42,33,17,12,2,1,0,2,1,3,16,0.333333333,33.3333333,0.0625,6.25,0,0,0,0,0,0,0,0,0,0,0,.,.,.,Dietician,12,1,1,0,1,0,1,3,3,0,4,0.75
CeCe Taylor,1,0,39,33,16,15,11,1,0,2,2,4,16,0.5,50,0.125,12.5,0,0,0,0,0,0,0,0,0,0,0,.,.,.,InsuranceAdjuster,16,1,1,0,1,0,1,1,3,0,3,1.2
Figgy Figueroa,1,0,23,33,15,18,6,4,0,4,1,2,16,0.5,50,0.0625,6.25,0,0,0,0,0,0,0,0,0,0,0,.,.,.,Bartender,15,1,1,0,2,0,0,2,4,0,2,2
Michaela Bradshaw,1,1,25,33,14,20,4,5,0,7,1,2,16,0.5,50,0.0625,6.25,0,0,0,0,0,0,0,0,0,0,0,.,.,.,VacationClubSales,33,1,1,0,1,0,1,1,4,0,2,2.14
Michelle Schubert,1,0,28,33,13,23,10,5,0,7,2,3,16,0.666666667,66.6666667,0.125,12.5,0,0,0,0,0,0,1,1,0,0,0,.,.,.,MissionaryRecruiter,13,1,1,0,2,0,0,2,4,0,2,1.25
Taylor Stockner,1,0,24,33,12,25,7,5,0,6,1,4,16,0.25,25,0.0625,6.25,0,0,0,0,0,0,1,1,0,0,0,.,.,.,SnowboardingInstruct,10,1,1,0,2,0,0,2,4,1,2,2.56
Chris Hammons,1,0,38,33,11,28,7,3,0,7,4,7,16,0.571428571,57.1428571,0.25,25,0,0,0,0,0,0,1,1,0,0,0,.,.,.,TrialLaywer,18,1,1,0,1,0,1,1,3,1,3,2.2
Jessica Lewis,1,0,37,33,10,30,9,3,0,4,4,8,16,0.5,50,0.25,25,0,0,0,0,0,0,1,1,0,0,0,.,.,.,AssistantDistrictAtt,18,1,1,0,1,0,1,1,3,0,3,1.73
Zeke Smith,1,1,28,33,9,33,14,5,0,9,4,7,16,0.571428571,57.1428571,0.25,25,0,0,0,0,0,0,1,1,0,0,0,.,.,.,AssetManager,5,1,1,0,1,0,1,1,4,1,2,3.33
Will Wahl,1,0,18,33,8,34,6,6,1,8,4,8,16,0.5,50,0.25,25,0,0,0,0,0,0,1,1,0,0,0,.,.,.,HighSchoolStudent,41,1,1,0,1,0,1,3,4,1,1,1.46
Sunday Burquest,1,0,45,33,7,35,5,3,0,9,5,11,16,0.454545455,45.4545455,0.3125,31.25,0,0,0,0,0,0,1,1,0,0,0,.,.,.,YouthPastor,32,1,1,0,2,0,0,1,3,0,4,0.77
Jay Starrett,1,0,27,33,6,36,10,7,2,10,3,10,16,0.3,30,0.1875,18.75,1,1,1,0,0,3,1,1,0,0,0,.,.,.,RealEstateAgent,33,1,1,0,1,0,1,3,4,1,2,3.5
Bret LaBelle,1,0,42,33,5,37,5,3,0,9,5,13,16,0.384615385,38.4615385,0.3125,31.25,0,0,0,0,0,0,1,1,0,0,0,.,.,.,PoliceSeargent,17,1,1,0,3,1,0,3,3,1,4,1.79
David Wright,1,1,42,33,4,38,10,5,2,9,12,14,16,0.857142857,85.7142857,0.75,75,2,2,5,1,0,19,1,1,0,0,0,.,.,.,TelevisionWriter,20,1,1,0,2,0,0,1,3,1,4,4
Hannah Shapiro,1,0,24,33,2,39,13,5,0,8,9,12,16,0.75,75,0.5625,56.25,0,0,0,0,0,0,1,0,1,1,0,0,0,0,Barista,15,0,0,1,2,0,0,1,4,0,2,2.07
Ken McNickle,1,0,33,33,2,39,3,7,4,9,12,14,16,0.857142857,85.7142857,0.75,75,0,0,0,0,0,0,1,0,1,1,0,0,0,0,Model,19,0,0,1,2,0,0,3,3,1,3,1.93
Adam Klein,1,0,25,33,1,39,6,6,1,7,9,12,16,0.75,75,0.5625,56.25,2,2,4,0,0,8,1,0,1,0,1,10,1,100,HomelessShelterManag,35,1,1,0,1,0,1,1,4,1,2,3.79
Ciera Eastin,3,0,27,34,20,3,9,0,0,,0,1,17,0,0,0,0,0,0,0,0,0,0,0,0,0,0,0,.,.,.,CosmetologyStudent,41,0,0,1,1,0,1,,4,0,2,3
Tony Vlachos,2,0,42,34,19,6,7,,0,,1,2,17,0.5,50,0.058823529,5.882352941,0,0,0,0,0,0,0,0,0,0,0,.,.,.,PoliceOfficer,17,0,0,1,3,1,0,,3,1,4,6
Caleb Reynolds,2,0,28,34,18,7,5,,0,,2,3,17,0.666666667,66.66666667,0.117647059,11.76470588,0,0,0,0,0,0,0,0,0,0,0,.,.,.,ArmyVeteran,26,0,0,1,3,1,0,,4,1,2,2.33
Malcolm Freberg,3,0,29,34,17,11,5,,0,,2,3,17,0.666666667,66.66666667,0.117647059,11.76470588,0,0,0,0,0,0,0,0,0,0,0,.,.,.,Bartender,15,0,0,1,2,0,0,,4,1,2,2.5
JT Thomas,3,0,31,34,16,13,3,,0,,0,2,17,0,0,0,0,1,0,0,0,0,1,0,0,0,0,0,.,.,.,CattleRancher,3,0,0,1,3,1,0,,4,1,3,3.8
Sandra Diaz Twine,3,0,41,34,15,16,5,,0,,2,5,17,0.4,40,0.117647059,11.76470588,0,0,0,0,0,0,0,0,0,0,0,.,.,.,OfficeAssistant,1,0,0,1,1,0,1,3,3,0,4,3.5
Jeff Varner,3,0,50,34,14,18,6,,0,,3,6,17,0.5,50,0.176470588,17.64705882,0,0,0,0,0,0,0,0,0,0,0,.,.,.,InternetProjectsManager,8,0,0,1,1,0,1,,3,1,5,3
Hali Ford,2,0,26,34,13,21,8,,0,,4,5,17,0.8,80,0.235294118,23.52941176,0,0,0,0,0,0,1,1,0,0,0,.,.,.,LawStudent,41,0,0,1,2,0,0,,4,0,2,1.13
Ozzy Lusth,4,0,34,34,12,24,7,,0,,3,4,17,0.75,75,0.176470588,17.64705882,0,0,0,0,0,0,1,1,0,0,0,.,.,.,Surfer,36,0,0,1,2,0,0,,4,1,3,0.89
Debbie Wanner,2,0,51,34,11,26,6,,1,,6,7,17,0.857142857,85.71428571,0.352941176,35.29411765,0,0,0,0,0,0,1,1,0,0,0,.,.,.,Chemist,34,0,0,1,1,0,1,,3,0,5,3.2
Zeke Smith,2,0,28,34,10,29,11,,0,,3,6,17,0.5,50,0.176470588,17.64705882,0,0,0,0,0,0,1,1,0,0,0,.,.,.,AssetManager,5,0,0,1,1,0,1,1,4,1,2,2.27
Sierra Dawn Thomas,2,0,29,34,9,32,15,,0,,4,7,17,0.571428571,57.14285714,0.235294118,23.52941176,1,0,0,0,0,1,1,1,0,0,0,.,.,.,BarrelRacer,36,0,0,1,3,1,0,3,4,0,2,1.92
Andrea Boehlke,3,0,27,34,8,33,14,,2,,5,8,17,0.625,62.5,0.294117647,29.41176471,0,0,0,0,0,0,1,1,0,0,0,.,.,.,EntertainmentHost/Writer,20,0,0,1,2,0,0,,4,0,2,1.38
Michaela Bradshaw,2,0,25,34,7,35,11,,0,,7,11,17,0.636363636,63.63636364,0.411764706,41.17647059,0,0,0,0,0,0,1,1,0,0,0,.,.,.,VacationClubSales,33,0,0,1,1,0,1,1,4,0,2,1.85
Cirie Fields,4,0,45,34,6,36,0,,0,,4,8,17,0.5,50,0.235294118,23.52941176,0,0,0,0,0,0,1,1,0,0,0,.,.,.,Nurse,25,0,0,1,3,1,0,,3,0,4,2.79
Aubry Bracco,2,1,30,34,5,37,9,,1,,6,13,17,0.461538462,46.15384615,0.352941176,35.29411765,0,0,0,0,0,0,1,1,0,0,0,.,.,.,MarketingDirector,2,0,0,1,1,0,1,1,4,0,3,1.43
Tai Trang,2,0,52,34,4,38,12,,1,,9,13,17,0.692307692,69.23076923,0.529411765,52.94117647,3,3,9,3,0,45,1,1,0,0,0,.,.,.,Gardener,3,0,0,1,2,0,0,,3,1,5,2.21
Troyzan Robertson,2,0,54,34,3,39,2,,1,,8,12,17,0.666666667,66.66666667,0.470588235,47.05882353,1,1,0,0,0,2,1,0,1,1,0,0,0,0,SwimsuitPhotographer,4,0,0,1,2,0,0,,2,1,5,1
Brad Culpepper,2,0,47,34,2,39,2,,5,,8,12,17,0.666666667,66.66666667,0.470588235,47.05882353,0,0,0,0,0,0,1,0,1,1,0,3,0.3,30,Attorney,18,0,0,1,1,0,1,,3,1,4,2.21
Sarah Lacina,2,0,32,34,1,39,3,,0,,11,13,17,0.846153846,84.61538462,0.647058824,64.70588235,0,1,3,1,0,14,1,0,1,0,1,7,0.7,70,PoliceOfficer,17,0,0,1,3,1,0,,,0,3,3.21
Katrina Radke,1,0,46,35,18,3,5,,0,,0,1,14,0,0,0,0,0,0,0,0,0,0,0,0,0,0,0,.,.,.,Olympian,36,1,1,0,2,0,0,,,0,4,1
Simone Nguyen,1,0,25,35,17,6,5,,0,,0,1,14,0,0,0,0,0,0,0,0,0,0,0,0,0,0,0,.,.,.,DiversityAdvocate,,1,1,0,,,,,,0,2,2
Patrick Bolton,1,0,24,35,16,8,5,,0,,1,2,14,0.5,50,0.071428571,7.142857143,0,0,0,0,0,0,0,0,0,0,0,.,.,.,SmallBusinessOwner,,0.5,0,0,,,,,,1,2,2.33
Alan Ball,1,0,32,35,15,11,2,,0,,1,2,14,0.5,50,0.071428571,7.142857143,0,0,0,0,0,0,0,0,0,0,0,.,.,.,NFLPlayer,,0,0,1,,,,,,1,3,2.5
Roark Luskin,1,0,27,35,14,14,3,,0,,0,1,14,0,0,0,0,0,0,0,0,0,0,0,0,0,0,0,.,.,.,SocialWorker,,1,1,0,,,,,,0,2,1.4
Ali Elliott,1,0,24,35,13,16,3,,0,,2,4,14,0.5,50,0.142857143,14.28571429,0,0,0,0,0,0,0,0,0,0,0,.,.,.,CelebrityAssistant,,1,1,0,,,,,,0,2,2.67
Jessica Johnston,1,0,29,35,12,19,7,,0,,0,1,14,0,0,0,0,0,0,0,0,0,0,1,0,0,0,0,.,.,.,NursePractitioner,25,0.5,0,0,3,1,0,,,0,2,2.57
Desi Williams,1,0,27,35,11,21,11,,1,,1,3,14,0.333333333,33.33333333,0.071428571,7.142857143,0,0,0,0,0,0,1,1,0,0,0,.,.,.,PhysicalTherapist,,0,0,1,,,,,,0,2,1
Cole Medders,1,0,24,35,10,24,7,,1,,0,3,14,0,0,0,0,0,0,0,0,0,0,1,1,0,0,0,.,.,.,WildernessGuide,29,0,0,1,2,0,0,,,1,2,2.33
JP Hilsabeck,1,0,28,35,9,27,6,,0,,5,7,14,0.714285714,71.42857143,0.357142857,35.71428571,0,0,0,0,0,0,1,1,0,0,0,.,.,.,Firefighter,6,0,0,1,,,,,,1,2,0.5
Joe Mena,1,0,34,35,8,30,12,,0,,3,6,14,0.5,50,0.214285714,21.42857143,2,2,2,0,1,11,1,1,0,0,0,.,.,.,ProbationOfficer,17,1,1,0,,,,,,1,3,2.55
Lauren Rimmer,1,0,35,35,7,33,3,,1,,6,7,14,0.857142857,85.71428571,0.428571429,42.85714286,1,0,0,0,0,1,1,1,0,0,0,.,.,.,Fisherman,23,1,1,0,3,1,0,,,0,3,2.83
Ashley Nolan,1,0,26,35,6,36,8,,2,,5,9,14,0.555555556,55.55555556,0.357142857,35.71428571,0,0,0,0,0,0,1,1,0,0,0,.,.,.,Lifeguard,,1,1,0,,,,,,0,2,2.08
Mike Zahalsky,1,0,43,35,5,37,9,,0,,3,8,14,0.375,37.5,0.214285714,21.42857143,1,1,2,0,0,4,1,1,0,0,0,.,.,.,Urologist,40,1,1,0,1,0,1,,,1,4,2.36
Devon Pinto,1,0,23,35,4,38,2,,0,,9,10,14,0.9,90,0.642857143,64.28571429,0,0,0,0,0,0,1,1,0,0,0,.,.,.,SurfingInstructor,,1,1,0,,,,,,1,2,2.93
Ryan Ulrich,1,0,23,35,3,39,2,,0,,8,12,14,0.666666667,66.66666667,0.571428571,57.14285714,2,1,2,0,0,5,1,0,1,1,0,1,0.125,12.5,Bellhop,,1,1,0,,,,,,1,2,3.5
Chrissy Hofbeck,1,0,46,35,2,39,7,,4,,5,11,14,0.454545455,45.45454545,0.357142857,35.71428571,0,0,0,0,0,0,1,0,1,1,0,2,0.25,25,Actuary,,1,1,0,,,,,,0,4,3.64
Ben Driebergen,1,0,34,35,1,39,11,,0,,7,9,14,0.777777778,77.77777778,0.5,50,3,3,9,2,0,35,1,0,1,0,1,5,0.625,62.5,Marine,26,1,1,0,3,1,0,,,1,3,5
Stephanie Gonzalez,1,0,26,36,20,3,8,,0,,0,1,16,0,0,0,0,0,0,0,0,0,0,0,0,0,0,0,.,.,.,GraphicSaleswoman,,,,,,,,,,0,2,2
Jacob Derwin,1,0,22,36,19,6,5,,0,,0,1,16,0,0,0,0,1,0,0,0,0,1,0,0,0,0,0,.,.,.,MusicTeacher,,1,1,0,,,,,,1,2,7.5
Morgan Ricke,1,0,29,36,18,9,4,,0,,0,1,16,0,0,0,0,0,0,0,0,0,0,0,0,0,0,0,.,.,.,MarineAnimalTrainer,,,,,,,,,,0,2,2
Brendan Shapiro,1,0,41,36,17,12,5,,0,,2,3,16,0.666666667,66.66666667,0.125,12.5,0,0,0,0,0,0,0,0,0,0,0,.,.,.,PhysicalEducationTeacher,,1,1,0,,,,,,1,4,1.25
Stephanie Johnson,1,0,34,36,16,14,7,,0,,2,4,16,0.5,50,0.125,12.5,0,0,0,0,0,0,0,0,0,0,0,.,.,.,YogaInstructor,,1,1,0,,,,,,0,3,2.4
James Lim,1,0,24,36,15,17,6,,0,,3,4,16,0.75,75,0.1875,18.75,0,0,0,0,0,0,0,0,0,0,0,.,.,.,BusinessAnalyst,,0.5,0,0,,,,,,1,2,1.17
Bradley Kleihege,1,0,26,36,14,19,8,,0,,2,3,16,0.666666667,66.66666667,0.125,12.5,0,0,0,0,0,0,0,0,0,0,0,.,.,.,LawStudent,41,1,1,0,,,,,,1,2,1.71
Chris Noble,1,0,27,36,13,22,10,,0,,0,1,16,0,0,0,0,1,0,0,0,0,1,1,1,0,0,0,.,.,.,MaleModel,,0,0,1,,,,,,1,2,3.13
Libby Vincek,1,0,24,36,12,25,8,,0,,4,6,16,0.666666667,66.66666667,0.25,25,0,0,0,0,0,0,1,1,0,0,0,.,.,.,SocialMediaStrategist,,0,0,1,,,,,,0,2,1.22
Desiree Afuye,1,0,21,36,11,27,10,,0,,4,6,16,0.666666667,66.66666667,0.25,25,0,0,0,0,0,0,1,1,0,0,0,.,.,.,Student,41,0,0,1,,,,,,0,2,1.4
Jenna Bowman,1,0,23,36,10,29,3,,0,,5,8,16,0.625,62.5,0.3125,31.25,0,0,0,0,0,0,1,1,0,0,0,.,.,.,AdvertisingAccountExecutive,,1,1,0,,,,,,0,2,1.09
Michael Yerger,1,0,18,36,9,29,15,,0,,5,9,16,0.555555556,55.55555556,0.3125,31.25,2,2,7,1,0,21,1,1,0,0,0,.,.,.,RealEstateAgent,31,,,,1,0,1,,,1,1,2.91
Chelsea Townsend,1,0,25,36,8,32,5,,2,,6,8,16,0.75,75,0.375,37.5,0,0,0,0,0,0,1,1,0,0,0,.,.,.,EMT/ProCheerleader,,0,0,1,,,,,,0,2,0.33
Kellyn Bechtold,1,0,31,36,7,35,8,,1,,6,10,16,0.6,60,0.375,37.5,0,0,0,0,0,0,1,1,0,0,0,.,.,.,CareerCounselor,,1,1,0,,,,,,0,3,3.15
Sebastian Noel,1,0,22,36,6,36,5,,0,,6,9,16,0.666666667,66.66666667,0.375,37.5,0,0,0,0,0,0,1,1,0,0,0,.,.,.,FishingGuide,29,1,1,0,2,0,0,,,1,2,0.86
Donathan Hurley,1,0,26,36,5,37,11,,0,,6,11,16,0.545454545,54.54545455,0.375,37.5,1,1,1,0,0,3,1,1,0,0,0,.,.,.,Caretaker,25,1,1,0,3,1,0,,,1,2,2.29
Angela Perkins,1,0,42,36,4,38,3,,1,,4,9,16,0.444444444,44.44444444,0.25,25,0,0,0,0,0,0,1,1,0,0,0,.,.,.,ArmyVeteran,26,0,0,1,3,1,0,,,0,4,1.07
Laurel Johnson,1,0,29,36,3,39,3,,1,,10,11,16,0.909090909,90.90909091,0.625,62.5,0,0,0,0,0,0,1,1,1,1,0,0,0,0,FinancialConsultant,,1,1,0,,,,,,0,2,1.93
Domenick Abbate,1,0,38,36,2,39,2,,3,,8,10,16,0.8,80,0.5,50,1,2,0,0,0,3,1,0,1,1,0,5,0.454545455,45.45454545,ConstructionSupervisor,,1,1,0,,,,,,1,3,4.79
Wendell Holland,1,0,33,36,1,39,5,,2,,7,9,16,0.777777778,77.77777778,0.4375,43.75,1,1,1,0,0,3,1,0,1,0,1,6,0.545454545,54.54545455,FurnitureCompanyOwner,,1,1,0,,,,,,1,3,2.79
Pat Cusack,1,0,40,37,20,3,0,,0,,0,0,14,0,0,0,0,0,0,0,0,0,0,0,0,0,0,0,.,.,.,MaintenanceManager,,1,,,,,,,,1,4,2
Jessica Peet,1,0,19,37,19,6,5,,0,,0,1,14,0,0,0,0,0,0,0,0,0,0,0,0,0,0,0,.,.,.,Waitress,15,1,,,,,,,,0,1,2.5
Jeremy Crawford,1,0,40,37,18,9,9,,0,,0,1,14,0,0,0,0,0,0,0,0,0,0,0,0,0,0,0,.,.,.,Attorney,18,.,,,1,0,1,,,1,4,4.33
Bi Nguyen,1,0,28,37,17,10,0,,0,,0,1,14,0,0,0,0,0,0,0,0,0,0,0,0,0,0,0,.,.,.,MMAFighter,,0,,,,,,,,0,2,1.25
Natalia Azoqa,1,0,25,37,16,11,3,,0,,1,2,14,0.5,50,0.071428571,7.142857143,0,0,0,0,0,0,0,0,0,0,0,.,.,.,IndustrialEngineer,,1,,,,,,,,0,2,1.5
Natalie Cole,1,0,57,37,15,15,4,,0,,1,2,14,0.5,50,0.071428571,7.142857143,0,0,0,0,0,0,0,0,0,0,0,.,.,.,PublishingCEO,,1,,,,,,,,0,5,3
Lyrsa Torres,1,0,36,37,14,17,9,,0,,2,3,14,0.666666667,66.66666667,0.142857143,14.28571429,0,0,0,0,0,0,0,0,0,0,0,.,.,.,AirlineAgent,,1,,,,,,,,0,3,1.83
Elizabeth Olson,1,0,31,37,13,20,13,,0,,2,3,14,0.666666667,66.66666667,0.142857143,14.28571429,0,0,0,0,0,0,1,1,0,0,0,.,.,.,KitchenStaff,15,1,,,,,,,,0,3,2.43
John Hennigan,1,0,38,37,12,22,3,,0,,2,3,14,0.666666667,66.66666667,0.142857143,14.28571429,0,0,0,0,0,0,1,1,0,0,0,.,.,.,ProfessionalWrestler,,0,,,,,,,,1,3,1.5
Dan Rengering,1,0,27,37,11,25,6,,1,,2,4,14,0.5,50,0.142857143,14.28571429,2,2,2,0,0,6,1,1,0,0,0,.,.,.,SWATOfficer,17,0,,,3,1,0,,,1,2,2.44
Alec Merlino,1,0,24,37,10,28,9,,1,,3,6,14,0.5,50,0.214285714,21.42857143,0,0,0,0,0,0,1,1,0,0,0,.,.,.,Bartender,15,1,,,,,,,,1,2,2.5
Carl Bourdreaux,1,0,41,37,9,30,6,,1,,3,6,14,0.5,50,0.214285714,21.42857143,0,0,0,0,0,0,1,1,0,0,0,.,.,.,TruckDriver,,0,,,3,1,0,,,1,4,1.55
Gabby Pascuzzi,1,0,25,37,8,32,2,,0,,5,7,14,0.714285714,71.42857143,0.357142857,35.71428571,0,0,0,0,0,0,1,1,0,0,0,.,.,.,TechnicalWriter,,.,,,,,,,,0,2,2.25
Christian Hubicki,1,0,32,37,7,35,18,,1,,6,8,14,0.75,75,0.428571429,42.85714286,1,1,5,1,0,17,1,1,0,0,0,.,.,.,RoboticsScientist,,1,,,,,,,,1,3,3
Davie Rickenbacker,1,0,30,37,6,36,7,,1,,5,10,14,0.5,50,0.357142857,35.71428571,2,2,9,1,0,23,1,1,0,0,0,.,.,.,SocialMediaManager,,1,,,,,,,,1,3,2.43
Alison Raybould,1,0,28,37,5,37,13,,1,,5,9,14,0.555555556,55.55555556,0.357142857,35.71428571,0,0,0,0,0,0,1,1,0,0,0,.,.,.,Physician,40,1,,,1,0,1,,,0,2,1.5
Kara Kay,1,0,30,37,4,38,0,,1,,7,11,14,0.636363636,63.63636364,0.5,50,0,0,0,0,0,0,1,1,0,0,0,.,.,.,Realtor,31,.,,,1,0,1,,,0,3,2.36
Angelina Keeley,1,0,28,37,3,39,6,,0,,8,12,14,0.666666667,66.66666667,0.571428571,57.14285714,1,1,0,0,0,2,1,0,1,1,0,0,0,0,FinancialConsultant,,0,,,,,,,,0,2,3.86
Mike White,1,0,47,37,2,39,1,,1,,9,12,14,0.75,75,0.642857143,64.28571429,0,0,0,0,0,0,1,0,1,1,0,3,0.3,30,Filmmaker,,0.5,,,,,,,,1,4,3.36
Nick Wilson,1,0,27,37,1,39,0,,3,,10,13,14,0.769230769,76.92307692,0.714285714,71.42857143,1,1,0,0,0,2,1,0,1,0,1,7,0.7,70,PublicDefender,18,.,,,1,0,1,,,1,2,3.79
